time;;temperature_2m (°C);rain (mm);shortwave_radiation_instant (W/m²)
01/10/2001;00:00;22.2;0;239.5
01/10/2001;01:00;23.8;0;476.4
01/10/2001;02:00;24.9;0.2;658.9
01/10/2001;03:00;25.6;0;717.9
01/10/2001;04:00;26.6;0;838.1
01/10/2001;05:00;26.3;0;643.9
01/10/2001;06:00;24.8;0.1;573.3
01/10/2001;07:00;24.8;0.2;702.6
01/10/2001;08:00;24.9;1.1;379.9
01/10/2001;09:00;23.9;1.5;195.1
01/10/2001;10:00;22.9;0.4;34.6
01/10/2001;11:00;22.7;0;0
01/10/2001;12:00;22.4;0;0
01/10/2001;13:00;22.3;0;0
01/10/2001;14:00;22.3;0.3;0
01/10/2001;15:00;22.4;0;0
01/10/2001;16:00;22;0;0
01/10/2001;17:00;21.9;0;0
01/10/2001;18:00;21.6;0;0
01/10/2001;19:00;21;0;0
01/10/2001;20:00;20.8;0;0
01/10/2001;21:00;21.1;0;0
01/10/2001;22:00;21;0;0
01/10/2001;23:00;21.2;0;31.1
02/10/2001;00:00;22.1;0;205.4
02/10/2001;01:00;23.1;0;443.2
02/10/2001;02:00;24.6;0;736.1
02/10/2001;03:00;25.2;0.1;769
02/10/2001;04:00;26.4;0;781.4
02/10/2001;05:00;23.7;0.6;682.5
02/10/2001;06:00;24.8;0.4;532
02/10/2001;07:00;23.9;0.7;446.3
02/10/2001;08:00;23.2;0.4;227.9
02/10/2001;09:00;23.4;0.2;203.5
02/10/2001;10:00;22.9;0.5;45.7
02/10/2001;11:00;22;0.7;0
02/10/2001;12:00;21.8;0.2;0
02/10/2001;13:00;21.7;0;0
02/10/2001;14:00;21.7;0;0
02/10/2001;15:00;21.6;0;0
02/10/2001;16:00;21.4;0;0
02/10/2001;17:00;21;0;0
02/10/2001;18:00;21;0.1;0
02/10/2001;19:00;21;0.3;0
02/10/2001;20:00;21.1;0.2;0
02/10/2001;21:00;21.2;0;0
02/10/2001;22:00;21.2;0;0
02/10/2001;23:00;21.3;0;28.8
03/10/2001;00:00;22.1;0;190.3
03/10/2001;01:00;23.6;0;427
03/10/2001;02:00;24.7;0;625.8
03/10/2001;03:00;26.2;0;829.7
03/10/2001;04:00;26.5;0;796.7
03/10/2001;05:00;26.5;0.1;897.9
03/10/2001;06:00;25.5;0.8;811.8
03/10/2001;07:00;25;0.6;548.1
03/10/2001;08:00;24.3;5.7;422.9
03/10/2001;09:00;23.6;1.4;209.5
03/10/2001;10:00;22.7;0;53.8
03/10/2001;11:00;22.1;0;0
03/10/2001;12:00;21.8;0;0
03/10/2001;13:00;21.5;0;0
03/10/2001;14:00;21.8;0;0
03/10/2001;15:00;21.8;0.2;0
03/10/2001;16:00;21.8;0.2;0
03/10/2001;17:00;21.7;0.4;0
03/10/2001;18:00;21.3;0.4;0
03/10/2001;19:00;21.2;0.2;0
03/10/2001;20:00;21.1;0;0
03/10/2001;21:00;21;0;0
03/10/2001;22:00;20.7;0.2;0
03/10/2001;23:00;20.8;0;33.2
04/10/2001;00:00;22.4;0;189.8
04/10/2001;01:00;23.2;0;315.2
04/10/2001;02:00;25.1;0;602
04/10/2001;03:00;26.6;0;810.2
04/10/2001;04:00;26.4;0.2;679.3
04/10/2001;05:00;25.8;0.9;551.2
04/10/2001;06:00;24.6;1.3;531.9
04/10/2001;07:00;24.8;8;403
04/10/2001;08:00;23.9;8.1;331.3
04/10/2001;09:00;22.9;1.2;105.9
04/10/2001;10:00;22.2;0.5;19.7
04/10/2001;11:00;22;0.4;0
04/10/2001;12:00;21.8;0.4;0
04/10/2001;13:00;21.7;0.4;0
04/10/2001;14:00;21.6;0.2;0
04/10/2001;15:00;21.4;0;0
04/10/2001;16:00;21.1;0;0
04/10/2001;17:00;21;0.1;0
04/10/2001;18:00;21.2;0.4;0
04/10/2001;19:00;20.9;0.1;0
04/10/2001;20:00;21;0.2;0
04/10/2001;21:00;21.1;0.2;0
04/10/2001;22:00;21.2;0.1;0
04/10/2001;23:00;21.3;0;24.3
05/10/2001;00:00;22.4;0;138.8
05/10/2001;01:00;23.5;0;351.2
05/10/2001;02:00;25.6;0;609.6
05/10/2001;03:00;26.8;0;843.1
05/10/2001;04:00;27.6;0;1024.5
05/10/2001;05:00;27.6;0;895.6
05/10/2001;06:00;27.7;0;890.1
05/10/2001;07:00;27;0;610.4
05/10/2001;08:00;26.1;0;341.6
05/10/2001;09:00;24;0;183.3
05/10/2001;10:00;23.3;0;59.6
05/10/2001;11:00;22.8;0.2;0
05/10/2001;12:00;22.5;0.2;0
05/10/2001;13:00;22.4;0.2;0
05/10/2001;14:00;22.2;0.4;0
05/10/2001;15:00;22.1;0.6;0
05/10/2001;16:00;22;0.5;0
05/10/2001;17:00;21.9;0.4;0
05/10/2001;18:00;21.9;0.2;0
05/10/2001;19:00;22;0.3;0
05/10/2001;20:00;21.9;0.1;0
05/10/2001;21:00;21.8;0;0
05/10/2001;22:00;21.6;0.1;0
05/10/2001;23:00;21.8;0.1;26.5
06/10/2001;00:00;22.7;0.1;118.2
06/10/2001;01:00;22.7;0;168.2
06/10/2001;02:00;23.8;0;360.7
06/10/2001;03:00;24.1;0;417.2
06/10/2001;04:00;24.7;0.1;502.4
06/10/2001;05:00;25;0.7;421.9
06/10/2001;06:00;25.4;0;523.1
06/10/2001;07:00;24.2;0.4;468
06/10/2001;08:00;23.9;1.1;410.5
06/10/2001;09:00;23.5;2.9;215.4
06/10/2001;10:00;23;2.4;21.7
06/10/2001;11:00;22.7;1.4;0
06/10/2001;12:00;22.5;0.5;0
06/10/2001;13:00;21.6;0.2;0
06/10/2001;14:00;21.3;0;0
06/10/2001;15:00;21;0;0
06/10/2001;16:00;20.9;0;0
06/10/2001;17:00;20.3;0.2;0
06/10/2001;18:00;20.2;0.2;0
06/10/2001;19:00;21.1;0;0
06/10/2001;20:00;20.8;0.1;0
06/10/2001;21:00;20.5;0.2;0
06/10/2001;22:00;20.2;0.4;0
06/10/2001;23:00;20.5;0.4;26.5
07/10/2001;00:00;22.7;0.6;135.2
07/10/2001;01:00;23.6;0.6;165.7
07/10/2001;02:00;24.3;0.4;260.9
07/10/2001;03:00;24.8;0.2;260.2
07/10/2001;04:00;25.5;0;351.3
07/10/2001;05:00;25.1;0.1;347.4
07/10/2001;06:00;25.6;0.2;463.6
07/10/2001;07:00;24.1;0.7;325.7
07/10/2001;08:00;25;0.6;430.3
07/10/2001;09:00;24.6;1.2;262.1
07/10/2001;10:00;23.5;0.5;52.9
07/10/2001;11:00;23;0.2;0
07/10/2001;12:00;22.2;0.2;0
07/10/2001;13:00;21.9;0.2;0
07/10/2001;14:00;22;0.2;0
07/10/2001;15:00;22;0.3;0
07/10/2001;16:00;21.4;0.3;0
07/10/2001;17:00;21.1;0.2;0
07/10/2001;18:00;21.1;0;0
07/10/2001;19:00;20.9;0;0
07/10/2001;20:00;20.8;0;0
07/10/2001;21:00;20.7;0.1;0
07/10/2001;22:00;20.8;0.1;0
07/10/2001;23:00;20.8;0.1;30.8
08/10/2001;00:00;22.5;0;183.6
08/10/2001;01:00;23.1;0.1;407.2
08/10/2001;02:00;24.5;0;620
08/10/2001;03:00;25.4;0;734.7
08/10/2001;04:00;26.2;0.1;849.3
08/10/2001;05:00;24.6;3.5;576.6
08/10/2001;06:00;25.2;5.8;649.3
08/10/2001;07:00;25.7;2.9;486.2
08/10/2001;08:00;25.6;4.7;394.9
08/10/2001;09:00;24.5;0.6;193.1
08/10/2001;10:00;23;0.7;44.3
08/10/2001;11:00;22.3;1;0
08/10/2001;12:00;21.9;0.7;0
08/10/2001;13:00;21.3;0;0
08/10/2001;14:00;21.4;0;0
08/10/2001;15:00;21.4;0;0
08/10/2001;16:00;21;0;0
08/10/2001;17:00;20.3;0;0
08/10/2001;18:00;20.1;0;0
08/10/2001;19:00;20.2;0;0
08/10/2001;20:00;19.8;0;0
08/10/2001;21:00;19.7;0;0
08/10/2001;22:00;19.6;0;0
08/10/2001;23:00;20;0;46.2
09/10/2001;00:00;21.5;0;216.1
09/10/2001;01:00;23.2;0;475.6
09/10/2001;02:00;24.2;0;562.7
09/10/2001;03:00;25.2;0.2;872
09/10/2001;04:00;25.4;0;906.6
09/10/2001;05:00;24.7;0.6;792.9
09/10/2001;06:00;24.7;2.5;535.3
09/10/2001;07:00;24.9;0.5;605.4
09/10/2001;08:00;24.1;0.4;437.9
09/10/2001;09:00;24;0.2;226
09/10/2001;10:00;23;2.5;44.2
09/10/2001;11:00;22.3;4.3;0
09/10/2001;12:00;22;5.8;0
09/10/2001;13:00;21.7;1.6;0
09/10/2001;14:00;21.4;0.7;0
09/10/2001;15:00;21.3;1.3;0
09/10/2001;16:00;21.1;1.5;0
09/10/2001;17:00;20.9;1.5;0
09/10/2001;18:00;21;1.4;0
09/10/2001;19:00;20.9;0;0
09/10/2001;20:00;20.9;0;0
09/10/2001;21:00;20.6;0;0
09/10/2001;22:00;20.4;0;0
09/10/2001;23:00;20.5;0;35.1
10/10/2001;00:00;21.3;0;198.5
10/10/2001;01:00;22.9;0;341.4
10/10/2001;02:00;24.3;0;621.8
10/10/2001;03:00;25.1;0.1;710.9
10/10/2001;04:00;26;0;880.8
10/10/2001;05:00;26;0.8;862.2
10/10/2001;06:00;25.7;0.5;713.3
10/10/2001;07:00;25;3;449.4
10/10/2001;08:00;24.9;3.4;387.8
10/10/2001;09:00;24.1;1.5;124.8
10/10/2001;10:00;23.3;0.5;52.2
10/10/2001;11:00;22.6;0.6;0
10/10/2001;12:00;22;0.5;0
10/10/2001;13:00;21.8;0.2;0
10/10/2001;14:00;21.6;0;0
10/10/2001;15:00;21.4;0;0
10/10/2001;16:00;21.3;0;0
10/10/2001;17:00;21.3;0;0
10/10/2001;18:00;21.2;0;0
10/10/2001;19:00;21.1;0;0
10/10/2001;20:00;21;0;0
10/10/2001;21:00;20.9;0;0
10/10/2001;22:00;20.8;0;0
10/10/2001;23:00;20.9;0;41.7
11/10/2001;00:00;21.4;0;186.7
11/10/2001;01:00;22.4;0;418.3
11/10/2001;02:00;23.8;0;630.5
11/10/2001;03:00;25.2;0.1;782.1
11/10/2001;04:00;26.2;0;809.8
11/10/2001;05:00;24.1;1;501
11/10/2001;06:00;24.8;0.7;593.6
11/10/2001;07:00;23.6;4.8;492.5
11/10/2001;08:00;23.2;6.9;275.8
11/10/2001;09:00;22.7;0.5;147
11/10/2001;10:00;22.6;0;38.6
11/10/2001;11:00;22.2;0;0
11/10/2001;12:00;21.8;0;0
11/10/2001;13:00;21.6;0;0
11/10/2001;14:00;21.4;0;0
11/10/2001;15:00;21.1;0;0
11/10/2001;16:00;20.8;0;0
11/10/2001;17:00;20.4;0;0
11/10/2001;18:00;20;0;0
11/10/2001;19:00;19.8;0;0
11/10/2001;20:00;19.9;0;0
11/10/2001;21:00;19.5;0;0
11/10/2001;22:00;19.5;0;0
11/10/2001;23:00;19.8;0;48.2
12/10/2001;00:00;21.7;0;263.1
12/10/2001;01:00;23.2;0;530
12/10/2001;02:00;24.6;0;767.7
12/10/2001;03:00;25.7;0;868.2
12/10/2001;04:00;26.4;0;841.5
12/10/2001;05:00;26.4;0;638.8
12/10/2001;06:00;26.2;0.1;635.6
12/10/2001;07:00;25.6;0.1;540.1
12/10/2001;08:00;24.3;1.1;229.2
12/10/2001;09:00;23.8;1.5;200.5
12/10/2001;10:00;23;0.1;28
12/10/2001;11:00;22.3;0;0
12/10/2001;12:00;21.9;0;0
12/10/2001;13:00;21.5;0;0
12/10/2001;14:00;21.3;0;0
12/10/2001;15:00;21.3;0;0
12/10/2001;16:00;21.1;0;0
12/10/2001;17:00;20.9;0;0
12/10/2001;18:00;20.8;0;0
12/10/2001;19:00;20.7;0;0
12/10/2001;20:00;20.5;0;0
12/10/2001;21:00;20.6;0;0
12/10/2001;22:00;20.2;0;0
12/10/2001;23:00;20.5;0;37.2
13/10/2001;00:00;21.7;0;193
13/10/2001;01:00;23;0;409.2
13/10/2001;02:00;24.1;0.2;557.4
13/10/2001;03:00;25.1;0.2;651.8
13/10/2001;04:00;26.1;0.1;684.4
13/10/2001;05:00;25.9;0.4;585.1
13/10/2001;06:00;26.5;0.2;778.1
13/10/2001;07:00;24.9;0.4;609.7
13/10/2001;08:00;23.9;3.1;211.1
13/10/2001;09:00;23.9;1.9;177.5
13/10/2001;10:00;23.2;0.8;39
13/10/2001;11:00;22.6;0.1;0
13/10/2001;12:00;22.2;0.2;0
13/10/2001;13:00;21.9;0;0
13/10/2001;14:00;21.3;0;0
13/10/2001;15:00;21.3;0;0
13/10/2001;16:00;21;0;0
13/10/2001;17:00;21.3;0;0
13/10/2001;18:00;21.2;0;0
13/10/2001;19:00;21.3;0;0
13/10/2001;20:00;21.2;0;0
13/10/2001;21:00;21.1;0;0
13/10/2001;22:00;21;0;0
13/10/2001;23:00;21.3;0;30.6
14/10/2001;00:00;21.9;0;184.1
14/10/2001;01:00;22.6;0;303.1
14/10/2001;02:00;23.8;0;417.6
14/10/2001;03:00;24.4;1;432.3
14/10/2001;04:00;26.1;0.1;710.9
14/10/2001;05:00;24.3;1.2;435.3
14/10/2001;06:00;25.3;0.2;644.1
14/10/2001;07:00;24.5;0.4;441.9
14/10/2001;08:00;25;0.1;491.9
14/10/2001;09:00;23.8;0.2;113.2
14/10/2001;10:00;23.6;0.2;57
14/10/2001;11:00;22.9;0.2;0
14/10/2001;12:00;22.7;0.1;0
14/10/2001;13:00;22.7;0;0
14/10/2001;14:00;22.6;0;0
14/10/2001;15:00;22.3;0;0
14/10/2001;16:00;22.3;0;0
14/10/2001;17:00;22.2;0.2;0
14/10/2001;18:00;22.2;0.2;0
14/10/2001;19:00;21.6;0.9;0
14/10/2001;20:00;21.5;0.5;0
14/10/2001;21:00;21.4;0.2;0
14/10/2001;22:00;21.4;0.1;0
14/10/2001;23:00;21.6;0;34.9
15/10/2001;00:00;22.8;0;171
15/10/2001;01:00;23.3;0;342.6
15/10/2001;02:00;24.7;0;592.7
15/10/2001;03:00;26.3;0.1;721.7
15/10/2001;04:00;27.1;0.2;788.8
15/10/2001;05:00;27.5;0.3;722.8
15/10/2001;06:00;24.6;0.5;543.5
15/10/2001;07:00;24.1;3;329.1
15/10/2001;08:00;23.5;1.7;220.5
15/10/2001;09:00;22.9;1.3;109.4
15/10/2001;10:00;22.4;0.6;23
15/10/2001;11:00;22;1.3;0
15/10/2001;12:00;21.9;0.7;0
15/10/2001;13:00;21.9;0.5;0
15/10/2001;14:00;21.8;0.2;0
15/10/2001;15:00;21.8;0.1;0
15/10/2001;16:00;21.7;0;0
15/10/2001;17:00;21.5;0;0
15/10/2001;18:00;21.4;0;0
15/10/2001;19:00;21.6;0;0
15/10/2001;20:00;21.7;0;0
15/10/2001;21:00;21.5;0;0
15/10/2001;22:00;21.4;0;0
15/10/2001;23:00;21.7;0;58.9
16/10/2001;00:00;22.9;0;293.5
16/10/2001;01:00;24.4;0;487.7
16/10/2001;02:00;25.7;0;651.7
16/10/2001;03:00;27.2;0;841.9
16/10/2001;04:00;27.4;0.3;763
16/10/2001;05:00;27.8;0;835.7
16/10/2001;06:00;27.3;0;802.8
16/10/2001;07:00;26.4;0.5;584.8
16/10/2001;08:00;24.3;5;427.2
16/10/2001;09:00;24.3;1;197.3
16/10/2001;10:00;24;0.4;62.9
16/10/2001;11:00;23.2;0;0
16/10/2001;12:00;23;0;0
16/10/2001;13:00;22.8;0;0
16/10/2001;14:00;22.5;0;0
16/10/2001;15:00;22.2;0;0
16/10/2001;16:00;21.4;0;0
16/10/2001;17:00;21.3;0;0
16/10/2001;18:00;21.1;0;0
16/10/2001;19:00;20.9;0;0
16/10/2001;20:00;20.8;0;0
16/10/2001;21:00;20.8;0;0
16/10/2001;22:00;20.6;0;0
16/10/2001;23:00;20.9;0;56.7
17/10/2001;00:00;22.9;0;271.8
17/10/2001;01:00;24.5;0;483.8
17/10/2001;02:00;26;0;717.3
17/10/2001;03:00;27.1;0.1;882.1
17/10/2001;04:00;27.3;0.1;841.8
17/10/2001;05:00;27.9;0.2;959.5
17/10/2001;06:00;26.6;0.2;853.4
17/10/2001;07:00;25.6;0.3;640.6
17/10/2001;08:00;25.7;1.9;370.3
17/10/2001;09:00;24;0.8;175.1
17/10/2001;10:00;23.1;0.2;40.9
17/10/2001;11:00;22.4;0;0
17/10/2001;12:00;22.1;0.2;0
17/10/2001;13:00;21.9;0;0
17/10/2001;14:00;22;0;0
17/10/2001;15:00;21.9;0;0
17/10/2001;16:00;21.7;0;0
17/10/2001;17:00;21.6;0;0
17/10/2001;18:00;21.4;0;0
17/10/2001;19:00;21.5;0;0
17/10/2001;20:00;21.2;0;0
17/10/2001;21:00;20.4;0;0
17/10/2001;22:00;20.4;0;0
17/10/2001;23:00;21.3;0;67.5
18/10/2001;00:00;22.8;0;309.3
18/10/2001;01:00;23.9;0;526.7
18/10/2001;02:00;24.4;0.2;593.3
18/10/2001;03:00;25.7;0.2;703.2
18/10/2001;04:00;26.9;0;948.4
18/10/2001;05:00;27.4;0.3;828.6
18/10/2001;06:00;26.6;0.1;713.7
18/10/2001;07:00;24.9;2.3;489.4
18/10/2001;08:00;24.1;1.1;219.6
18/10/2001;09:00;24.6;0;190.4
18/10/2001;10:00;24.2;0;62.9
18/10/2001;11:00;23.6;0;0
18/10/2001;12:00;22.9;0;0
18/10/2001;13:00;22.3;0;0
18/10/2001;14:00;22.3;0;0
18/10/2001;15:00;22.3;0;0
18/10/2001;16:00;22;0;0
18/10/2001;17:00;22;0;0
18/10/2001;18:00;21.9;0;0
18/10/2001;19:00;21.9;0;0
18/10/2001;20:00;21.8;0;0
18/10/2001;21:00;21.7;0;0
18/10/2001;22:00;21.4;0;0
18/10/2001;23:00;21.6;0;54.4
19/10/2001;00:00;23.3;0;254.1
19/10/2001;01:00;25;0;480.9
19/10/2001;02:00;26.5;0;751.4
19/10/2001;03:00;27.3;0.1;846.7
19/10/2001;04:00;27.6;0.2;826.3
19/10/2001;05:00;27.7;0.1;788.9
19/10/2001;06:00;27.4;0;722.2
19/10/2001;07:00;25.9;1.6;621.3
19/10/2001;08:00;25;0.4;342.7
19/10/2001;09:00;25;0.2;247
19/10/2001;10:00;24.1;0;56.9
19/10/2001;11:00;23.3;0;0
19/10/2001;12:00;22.6;0;0
19/10/2001;13:00;22.4;0;0
19/10/2001;14:00;22.1;0;0
19/10/2001;15:00;22;0;0
19/10/2001;16:00;21.8;0;0
19/10/2001;17:00;21.5;0;0
19/10/2001;18:00;21.6;0;0
19/10/2001;19:00;21.4;0;0
19/10/2001;20:00;21.4;0;0
19/10/2001;21:00;21.2;0;0
19/10/2001;22:00;21;0;0
19/10/2001;23:00;21.4;0;56.5
20/10/2001;00:00;22.7;0;236.9
20/10/2001;01:00;24.2;0;454.3
20/10/2001;02:00;25.7;0;672.1
20/10/2001;03:00;26.3;0.1;704.1
20/10/2001;04:00;27;0;829.2
20/10/2001;05:00;26.1;0.7;692.7
20/10/2001;06:00;25.9;0.7;670.5
20/10/2001;07:00;23.8;0.7;252
20/10/2001;08:00;24.4;0.4;266.1
20/10/2001;09:00;23.4;0.2;156
20/10/2001;10:00;22.3;0.6;29.5
20/10/2001;11:00;21.8;0.2;0
20/10/2001;12:00;21.5;0;0
20/10/2001;13:00;21.5;0;0
20/10/2001;14:00;21.4;0.1;0
20/10/2001;15:00;21.2;0.3;0
20/10/2001;16:00;21.1;0.4;0
20/10/2001;17:00;21.2;0.3;0
20/10/2001;18:00;21;0.1;0
20/10/2001;19:00;21.3;0.3;0
20/10/2001;20:00;21.2;0;0
20/10/2001;21:00;21.1;0;0
20/10/2001;22:00;20.9;0;0
20/10/2001;23:00;21.1;0;45.6
21/10/2001;00:00;22.1;0;173.6
21/10/2001;01:00;23.4;0;364.2
21/10/2001;02:00;24.4;0;537.1
21/10/2001;03:00;24.8;0;531.7
21/10/2001;04:00;25.4;0.6;537
21/10/2001;05:00;25.2;0.9;581.7
21/10/2001;06:00;25.1;1.4;478.2
21/10/2001;07:00;24.4;2.6;479.2
21/10/2001;08:00;24;4.7;319.4
21/10/2001;09:00;23.4;3;138.4
21/10/2001;10:00;22.3;1;30.5
21/10/2001;11:00;21.9;0.2;0
21/10/2001;12:00;21.6;0.1;0
21/10/2001;13:00;21.3;0.2;0
21/10/2001;14:00;21.1;2.2;0
21/10/2001;15:00;21.1;0.3;0
21/10/2001;16:00;21;0.2;0
21/10/2001;17:00;21;0.1;0
21/10/2001;18:00;21;0;0
21/10/2001;19:00;21.2;0;0
21/10/2001;20:00;21.1;0;0
21/10/2001;21:00;20.8;0;0
21/10/2001;22:00;20.9;0;0
21/10/2001;23:00;21.2;0;56.5
22/10/2001;00:00;22.3;0;205.5
22/10/2001;01:00;23.8;0;368.8
22/10/2001;02:00;25;0;554.8
22/10/2001;03:00;24.5;1.1;397.6
22/10/2001;04:00;25.9;0.6;690.7
22/10/2001;05:00;24.5;1.6;405.3
22/10/2001;06:00;24.5;1.4;512.6
22/10/2001;07:00;23.5;3.6;490.2
22/10/2001;08:00;23.5;4.5;217.8
22/10/2001;09:00;22.9;1.4;58.1
22/10/2001;10:00;22.6;0.4;23.5
22/10/2001;11:00;22.2;0.2;0
22/10/2001;12:00;22;0.2;0
22/10/2001;13:00;21.9;0.3;0
22/10/2001;14:00;21.9;0.2;0
22/10/2001;15:00;22;0;0
22/10/2001;16:00;21.9;0;0
22/10/2001;17:00;21.8;0;0
22/10/2001;18:00;21.7;0;0
22/10/2001;19:00;21.8;0.1;0
22/10/2001;20:00;21.7;0.2;0
22/10/2001;21:00;21.7;0.1;0
22/10/2001;22:00;21.8;0;0
22/10/2001;23:00;22;0;34.7
23/10/2001;00:00;22.7;0;167.5
23/10/2001;01:00;24.2;0;353.1
23/10/2001;02:00;25.3;0;568
23/10/2001;03:00;26.6;0.3;737.7
23/10/2001;04:00;27;0.2;824.9
23/10/2001;05:00;26.9;0.6;676.7
23/10/2001;06:00;25.7;0.8;518.3
23/10/2001;07:00;24.6;7.1;419.6
23/10/2001;08:00;24.2;10.5;203.2
23/10/2001;09:00;23.6;1.8;67.3
23/10/2001;10:00;23.2;0.2;19
23/10/2001;11:00;22.7;0;0
23/10/2001;12:00;22.5;0.2;0
23/10/2001;13:00;22.1;0.4;0
23/10/2001;14:00;22;0.4;0
23/10/2001;15:00;21.9;0.7;0
23/10/2001;16:00;21.9;0.2;0
23/10/2001;17:00;21.8;0;0
23/10/2001;18:00;21.6;0;0
23/10/2001;19:00;21.5;0.2;0
23/10/2001;20:00;21.3;0;0
23/10/2001;21:00;21.1;0;0
23/10/2001;22:00;20.9;0;0
23/10/2001;23:00;21.5;0;56.4
24/10/2001;00:00;23.4;0;237
24/10/2001;01:00;24.9;0;474.9
24/10/2001;02:00;26.3;0;695.9
24/10/2001;03:00;27.4;0;763.2
24/10/2001;04:00;27.3;0.1;578.9
24/10/2001;05:00;27.5;0.2;723.2
24/10/2001;06:00;27.2;0.1;590
24/10/2001;07:00;26.2;0.1;531.4
24/10/2001;08:00;26.2;3.6;391.8
24/10/2001;09:00;24.1;2.7;143.1
24/10/2001;10:00;23;0.2;21
24/10/2001;11:00;22.6;0;0
24/10/2001;12:00;22.5;0;0
24/10/2001;13:00;22.4;0;0
24/10/2001;14:00;22.1;0;0
24/10/2001;15:00;21.9;0;0
24/10/2001;16:00;21.6;0;0
24/10/2001;17:00;21.3;0;0
24/10/2001;18:00;21;0;0
24/10/2001;19:00;21.9;0;0
24/10/2001;20:00;21.8;0;0
24/10/2001;21:00;21.6;0;0
24/10/2001;22:00;21.6;0;0
24/10/2001;23:00;22.1;0;58.5
25/10/2001;00:00;23.5;0;243.6
25/10/2001;01:00;24.8;0;465.1
25/10/2001;02:00;26;0;669.1
25/10/2001;03:00;26.8;0.1;602.6
25/10/2001;04:00;26.8;0.8;633.1
25/10/2001;05:00;25.8;0.1;558.7
25/10/2001;06:00;25.5;0.7;596.7
25/10/2001;07:00;25.1;0.5;412.3
25/10/2001;08:00;24.1;3.2;177.4
25/10/2001;09:00;24;7.3;133.9
25/10/2001;10:00;23.5;0.9;23.1
25/10/2001;11:00;23.1;0.3;0
25/10/2001;12:00;22.9;0.4;0
25/10/2001;13:00;22.6;0.5;0
25/10/2001;14:00;22.4;0.4;0
25/10/2001;15:00;22.2;0.4;0
25/10/2001;16:00;21.8;0.4;0
25/10/2001;17:00;21.6;0.5;0
25/10/2001;18:00;21.3;0.4;0
25/10/2001;19:00;21.2;0.5;0
25/10/2001;20:00;21.1;0;0
25/10/2001;21:00;21;0;0
25/10/2001;22:00;20.8;0;0
25/10/2001;23:00;21.5;0;67.2
26/10/2001;00:00;23.8;0;257.3
26/10/2001;01:00;25;0;494.8
26/10/2001;02:00;26.6;0.2;783.6
26/10/2001;03:00;27.9;0.2;824.6
26/10/2001;04:00;26.9;0.2;667.9
26/10/2001;05:00;27.4;0.1;736
26/10/2001;06:00;25.7;3.6;452.3
26/10/2001;07:00;25.7;2.2;436.1
26/10/2001;08:00;24.9;1.9;211.8
26/10/2001;09:00;24.5;0.3;141.6
26/10/2001;10:00;23.3;0;30.6
26/10/2001;11:00;22.6;0;0
26/10/2001;12:00;22.4;0;0
26/10/2001;13:00;22.2;0;0
26/10/2001;14:00;21.9;0;0
26/10/2001;15:00;21.8;0;0
26/10/2001;16:00;21.7;0;0
26/10/2001;17:00;21.5;0;0
26/10/2001;18:00;21.5;0;0
26/10/2001;19:00;21.3;0;0
26/10/2001;20:00;21.1;0;0
26/10/2001;21:00;20.8;0;0
26/10/2001;22:00;20.4;0;0
26/10/2001;23:00;21.2;0;67.2
27/10/2001;00:00;23.8;0;300
27/10/2001;01:00;25;0;468.3
27/10/2001;02:00;26.4;0;742.2
27/10/2001;03:00;28;0;894.6
27/10/2001;04:00;28.3;0.4;884
27/10/2001;05:00;26.8;0.3;760.7
27/10/2001;06:00;27.1;0.1;643.5
27/10/2001;07:00;25.9;0;644.1
27/10/2001;08:00;26.3;1.9;311.7
27/10/2001;09:00;24.9;2.5;232.7
27/10/2001;10:00;24.2;0;48.3
27/10/2001;11:00;23.5;0.1;0
27/10/2001;12:00;22.8;0.2;0
27/10/2001;13:00;22.1;0.3;0
27/10/2001;14:00;22;0.3;0
27/10/2001;15:00;21.9;0;0
27/10/2001;16:00;21.5;0;0
27/10/2001;17:00;22;0;0
27/10/2001;18:00;21.8;0;0
27/10/2001;19:00;21.8;0;0
27/10/2001;20:00;21.4;0;0
27/10/2001;21:00;20.8;0;0
27/10/2001;22:00;20.3;0;0
27/10/2001;23:00;21.2;0;67.1
28/10/2001;00:00;23.6;0;260.8
28/10/2001;01:00;25.3;0;507.6
28/10/2001;02:00;26.7;0;799.9
28/10/2001;03:00;27.6;0.1;821.2
28/10/2001;04:00;28.6;0.2;970
28/10/2001;05:00;27.6;0.1;835
28/10/2001;06:00;27;1;646.4
28/10/2001;07:00;25;2.2;470
28/10/2001;08:00;25.2;1.3;298
28/10/2001;09:00;25;0;224.3
28/10/2001;10:00;24;0.2;54.4
28/10/2001;11:00;23.5;0;0
28/10/2001;12:00;23.3;0;0
28/10/2001;13:00;23;0;0
28/10/2001;14:00;22.7;0;0
28/10/2001;15:00;22.4;0;0
28/10/2001;16:00;22.4;0;0
28/10/2001;17:00;22.3;0;0
28/10/2001;18:00;22;0;0
28/10/2001;19:00;21.5;0;0
28/10/2001;20:00;21.4;0;0
28/10/2001;21:00;21.3;0;0
28/10/2001;22:00;21;0;0
28/10/2001;23:00;21.3;0;60.6
29/10/2001;00:00;22.7;0;260.6
29/10/2001;01:00;24.9;0;508.6
29/10/2001;02:00;24.9;0;525
29/10/2001;03:00;26.3;0;686.2
29/10/2001;04:00;26.8;0;657.5
29/10/2001;05:00;27.1;0.3;833
29/10/2001;06:00;27.1;0.2;611
29/10/2001;07:00;26.6;0.9;607.5
29/10/2001;08:00;25.1;0.5;352.3
29/10/2001;09:00;24.8;1;139.4
29/10/2001;10:00;24.2;0.2;53
29/10/2001;11:00;23.1;0.7;0
29/10/2001;12:00;22.7;0;0
29/10/2001;13:00;22.4;0;0
29/10/2001;14:00;21.9;0.4;0
29/10/2001;15:00;21.6;0.2;0
29/10/2001;16:00;21.4;0;0
29/10/2001;17:00;20.6;0;0
29/10/2001;18:00;20.3;0;0
29/10/2001;19:00;21.2;0;0
29/10/2001;20:00;21.1;0;0
29/10/2001;21:00;21;0;0
29/10/2001;22:00;21;0;0
29/10/2001;23:00;21.9;0;62.8
30/10/2001;00:00;23.3;0;289.4
30/10/2001;01:00;24.8;0;543
30/10/2001;02:00;26;0;681.8
30/10/2001;03:00;26.5;0;773.2
30/10/2001;04:00;27;0;814.2
30/10/2001;05:00;27.5;0.1;847.8
30/10/2001;06:00;26.8;0.4;642.6
30/10/2001;07:00;25.4;1.8;423.3
30/10/2001;08:00;25.1;5.2;358.3
30/10/2001;09:00;24;1.1;137.9
30/10/2001;10:00;23.6;0.2;31.9
30/10/2001;11:00;23.3;0.1;0
30/10/2001;12:00;22.8;0;0
30/10/2001;13:00;22.3;0;0
30/10/2001;14:00;21.9;0;0
30/10/2001;15:00;21.3;0;0
30/10/2001;16:00;20.9;0;0
30/10/2001;17:00;20.3;0;0
30/10/2001;18:00;20.1;0;0
30/10/2001;19:00;19.4;0;0
30/10/2001;20:00;19.1;0;0
30/10/2001;21:00;18.6;0;0
30/10/2001;22:00;18.1;0;0
30/10/2001;23:00;19.1;0;97.3
31/10/2001;00:00;23.6;0;354.1
31/10/2001;01:00;25.5;0;613.2
31/10/2001;02:00;27;0;818.4
31/10/2001;03:00;28.1;0;921.9
31/10/2001;04:00;28.5;0.2;873.6
31/10/2001;05:00;28.7;0.1;893.4
31/10/2001;06:00;28.7;0.2;644.5
31/10/2001;07:00;27.8;6;623.1
31/10/2001;08:00;26.4;5.6;294.6
31/10/2001;09:00;24.7;0.6;67.4
31/10/2001;10:00;23.6;0.5;22.3
31/10/2001;11:00;23.2;0;0
31/10/2001;12:00;23.2;0;0
31/10/2001;13:00;22.7;0;0
31/10/2001;14:00;22.7;0;0
31/10/2001;15:00;22.8;0;0
31/10/2001;16:00;22.5;0;0
31/10/2001;17:00;21.7;0;0
31/10/2001;18:00;21.4;0;0
31/10/2001;19:00;21.2;0;0
31/10/2001;20:00;20.9;0;0
31/10/2001;21:00;20.6;0;0
31/10/2001;22:00;20.4;0;0
31/10/2001;23:00;21.2;0;64.9
01/11/2001;00:00;23.8;0;254.3
01/11/2001;01:00;25;0;498.6
01/11/2001;02:00;26.3;0;688.2
01/11/2001;03:00;27.6;0;832.6
01/11/2001;04:00;27.2;0.3;729.1
01/11/2001;05:00;26.5;0.2;723
01/11/2001;06:00;26.2;0.6;663.6
01/11/2001;07:00;25;5.8;510.4
01/11/2001;08:00;24.5;3.7;163.7
01/11/2001;09:00;23.7;0.9;83.6
01/11/2001;10:00;23.2;1.1;33
01/11/2001;11:00;22.8;0.8;0
01/11/2001;12:00;22.6;0.4;0
01/11/2001;13:00;22.4;0.3;0
01/11/2001;14:00;22.2;0.1;0
01/11/2001;15:00;22;0.1;0
01/11/2001;16:00;21.8;0.1;0
01/11/2001;17:00;21.6;0.2;0
01/11/2001;18:00;21.5;0.1;0
01/11/2001;19:00;21.4;0.3;0
01/11/2001;20:00;21.2;0.1;0
01/11/2001;21:00;20.9;0.2;0
01/11/2001;22:00;20.8;0;0
01/11/2001;23:00;21.7;0;36.8
02/11/2001;00:00;23;0;185.1
02/11/2001;01:00;23.7;0;391.1
02/11/2001;02:00;24.8;0.1;568.1
02/11/2001;03:00;26.1;0;745.5
02/11/2001;04:00;26.5;0.4;682
02/11/2001;05:00;25.8;3;572.4
02/11/2001;06:00;25.7;6.3;606.3
02/11/2001;07:00;25.5;1;485.7
02/11/2001;08:00;24.6;1.7;264.5
02/11/2001;09:00;23;0.8;103.5
02/11/2001;10:00;22.8;0.2;27.5
02/11/2001;11:00;22.5;0.1;0
02/11/2001;12:00;22.2;0.2;0
02/11/2001;13:00;22.2;0;0
02/11/2001;14:00;22;0;0
02/11/2001;15:00;22.2;0;0
02/11/2001;16:00;22.1;0;0
02/11/2001;17:00;21.5;0;0
02/11/2001;18:00;21;0;0
02/11/2001;19:00;20.6;0;0
02/11/2001;20:00;20.8;0;0
02/11/2001;21:00;21;0;0
02/11/2001;22:00;21.1;0;0
02/11/2001;23:00;21.2;0;51.9
03/11/2001;00:00;22.9;0;247
03/11/2001;01:00;24.2;0;473.3
03/11/2001;02:00;25;0;510.2
03/11/2001;03:00;26;0.1;757.1
03/11/2001;04:00;26.8;1.1;747.5
03/11/2001;05:00;24.9;4.9;501.1
03/11/2001;06:00;24.3;2.1;505.9
03/11/2001;07:00;24.5;0.8;297.9
03/11/2001;08:00;24.8;0.2;240.5
03/11/2001;09:00;23.6;0.2;171.1
03/11/2001;10:00;22.8;0.4;40.3
03/11/2001;11:00;22.5;0;0
03/11/2001;12:00;22.2;0;0
03/11/2001;13:00;22.1;0;0
03/11/2001;14:00;21.6;0;0
03/11/2001;15:00;21.3;0;0
03/11/2001;16:00;20.7;0;0
03/11/2001;17:00;20.4;0;0
03/11/2001;18:00;20.2;0;0
03/11/2001;19:00;20.6;0.1;0
03/11/2001;20:00;20.2;0;0
03/11/2001;21:00;20.4;0;0
03/11/2001;22:00;21;0;0
03/11/2001;23:00;21.2;0;60.5
04/11/2001;00:00;22.6;0;215.2
04/11/2001;01:00;23.8;0;368.3
04/11/2001;02:00;25.4;0;606.9
04/11/2001;03:00;26.2;0.1;696.5
04/11/2001;04:00;25.9;0.9;504.8
04/11/2001;05:00;26.8;0;672.5
04/11/2001;06:00;26.7;0.2;750.7
04/11/2001;07:00;25.2;0.4;463.8
04/11/2001;08:00;24.6;0.2;265.5
04/11/2001;09:00;24.6;0;201.9
04/11/2001;10:00;23.9;0;56.3
04/11/2001;11:00;23.3;0;0
04/11/2001;12:00;22.9;0;0
04/11/2001;13:00;22.5;0;0
04/11/2001;14:00;22.6;0;0
04/11/2001;15:00;22.3;0;0
04/11/2001;16:00;22.1;0;0
04/11/2001;17:00;22;0;0
04/11/2001;18:00;21.9;0;0
04/11/2001;19:00;21.7;0;0
04/11/2001;20:00;21.2;0;0
04/11/2001;21:00;20.9;0;0
04/11/2001;22:00;20.7;0;0
04/11/2001;23:00;21.1;0;67
05/11/2001;00:00;23;0;267.4
05/11/2001;01:00;24.6;0;482.6
05/11/2001;02:00;26;0;691.3
05/11/2001;03:00;26.9;0.2;754.9
05/11/2001;04:00;27;0.2;889.8
05/11/2001;05:00;26.5;0.1;809.2
05/11/2001;06:00;26.3;0.2;702
05/11/2001;07:00;25;1.5;556.4
05/11/2001;08:00;24.2;0.8;204.3
05/11/2001;09:00;24.2;0;150.5
05/11/2001;10:00;22.9;0.5;36
05/11/2001;11:00;22.3;0.2;0
05/11/2001;12:00;22.2;0;0
05/11/2001;13:00;22.2;0;0
05/11/2001;14:00;22.2;0;0
05/11/2001;15:00;21.9;0;0
05/11/2001;16:00;21.6;0;0
05/11/2001;17:00;21.2;0;0
05/11/2001;18:00;21;0;0
05/11/2001;19:00;21.5;0;0
05/11/2001;20:00;21.7;0;0
05/11/2001;21:00;21.4;0;0
05/11/2001;22:00;21.3;0;0
05/11/2001;23:00;21.5;0;75.6
06/11/2001;00:00;22.6;0;256.2
06/11/2001;01:00;24.4;0;557.6
06/11/2001;02:00;25.7;0.2;760.1
06/11/2001;03:00;26.7;0;905.6
06/11/2001;04:00;27.7;0.1;858.1
06/11/2001;05:00;27;0.2;808.2
06/11/2001;06:00;26.5;0.7;662.8
06/11/2001;07:00;25.4;1.5;553.7
06/11/2001;08:00;25.2;1.3;399.3
06/11/2001;09:00;24.5;0;201.3
06/11/2001;10:00;23;0.5;50
06/11/2001;11:00;22.6;1.3;0
06/11/2001;12:00;22.4;0.3;0
06/11/2001;13:00;22.2;0.1;0
06/11/2001;14:00;22.2;0;0
06/11/2001;15:00;22.2;0;0
06/11/2001;16:00;21.9;0;0
06/11/2001;17:00;21.7;0;0
06/11/2001;18:00;21.7;0;0
06/11/2001;19:00;21.8;0;0
06/11/2001;20:00;21.8;0;0
06/11/2001;21:00;21.5;0;0
06/11/2001;22:00;21.4;0;0
06/11/2001;23:00;21.7;0;69.1
07/11/2001;00:00;22.4;0;268.5
07/11/2001;01:00;23.7;0;456.2
07/11/2001;02:00;25;0;585.6
07/11/2001;03:00;26.1;0.1;768.7
07/11/2001;04:00;25.3;0.4;499.7
07/11/2001;05:00;25.6;0.6;648.8
07/11/2001;06:00;26.2;0.1;645.6
07/11/2001;07:00;24.2;1.2;396.1
07/11/2001;08:00;23.9;0.5;251
07/11/2001;09:00;23.9;0.3;196.8
07/11/2001;10:00;22.9;0.1;45.5
07/11/2001;11:00;22.4;0;0
07/11/2001;12:00;22.3;0;0
07/11/2001;13:00;22.3;0;0
07/11/2001;14:00;22.2;0;0
07/11/2001;15:00;21.8;0.1;0
07/11/2001;16:00;21.6;0;0
07/11/2001;17:00;21.4;0;0
07/11/2001;18:00;21.4;0;0
07/11/2001;19:00;21.2;0;0
07/11/2001;20:00;21.3;0;0
07/11/2001;21:00;21.1;0;0
07/11/2001;22:00;21.2;0;0
07/11/2001;23:00;21.9;0;58.3
08/11/2001;00:00;22.6;0;217.5
08/11/2001;01:00;24;0;412.1
08/11/2001;02:00;25;0;613.4
08/11/2001;03:00;26.3;0;851.5
08/11/2001;04:00;24.2;1.8;657.4
08/11/2001;05:00;25;1;663.6
08/11/2001;06:00;25;3.9;376.9
08/11/2001;07:00;24.5;0.4;433.7
08/11/2001;08:00;24.9;0.8;377
08/11/2001;09:00;24.3;1.2;161.6
08/11/2001;10:00;23.6;1.5;46.7
08/11/2001;11:00;22.1;0;0
08/11/2001;12:00;21.8;0;0
08/11/2001;13:00;21.6;0;0
08/11/2001;14:00;21.5;0;0
08/11/2001;15:00;21.4;0;0
08/11/2001;16:00;21.8;0;0
08/11/2001;17:00;21.5;0;0
08/11/2001;18:00;21.1;0;0
08/11/2001;19:00;21.4;0;0
08/11/2001;20:00;21.5;0;0
08/11/2001;21:00;21.5;0;0
08/11/2001;22:00;21.5;0;0
08/11/2001;23:00;21.6;0;58.3
09/11/2001;00:00;22.3;0;251.8
09/11/2001;01:00;23.7;0;452.6
09/11/2001;02:00;24.9;0;670
09/11/2001;03:00;25.9;0;769.7
09/11/2001;04:00;26.4;0.3;747.5
09/11/2001;05:00;25.5;0.4;711.2
09/11/2001;06:00;24.7;0.6;460.1
09/11/2001;07:00;25.7;0.2;540.1
09/11/2001;08:00;24.8;0.6;378
09/11/2001;09:00;24;0.9;172.4
09/11/2001;10:00;23.5;0.6;52.1
09/11/2001;11:00;22.5;0.5;0
09/11/2001;12:00;22.4;0.3;0
09/11/2001;13:00;22.3;0.2;0
09/11/2001;14:00;22.2;0.1;0
09/11/2001;15:00;22.1;0;0
09/11/2001;16:00;22;0;0
09/11/2001;17:00;21.7;0;0
09/11/2001;18:00;21.6;0;0
09/11/2001;19:00;21.7;0;0
09/11/2001;20:00;21.8;0;0
09/11/2001;21:00;21.7;0;0
09/11/2001;22:00;21.7;0;0
09/11/2001;23:00;21.7;0;54
10/11/2001;00:00;22.3;0;217.4
10/11/2001;01:00;23.5;0;382.3
10/11/2001;02:00;24.8;0.1;594.5
10/11/2001;03:00;25.5;0;655.1
10/11/2001;04:00;26.1;0.1;867.4
10/11/2001;05:00;26.7;0.1;816.3
10/11/2001;06:00;26.8;0.1;773
10/11/2001;07:00;26.3;0.1;593.4
10/11/2001;08:00;25.8;0.1;429
10/11/2001;09:00;25.3;0;295.8
10/11/2001;10:00;24.6;0.1;66.4
10/11/2001;11:00;23.8;0;0
10/11/2001;12:00;23;0;0
10/11/2001;13:00;22.8;0;0
10/11/2001;14:00;22.4;0;0
10/11/2001;15:00;22.2;0;0
10/11/2001;16:00;21.4;0;0
10/11/2001;17:00;20.8;0;0
10/11/2001;18:00;20.8;0;0
10/11/2001;19:00;22;0;0
10/11/2001;20:00;21.8;0;0
10/11/2001;21:00;21.6;0;0
10/11/2001;22:00;21.1;0;0
10/11/2001;23:00;21.4;0;56.2
11/11/2001;00:00;22.3;0;233.8
11/11/2001;01:00;24;0;527.6
11/11/2001;02:00;25.3;0;754.5
11/11/2001;03:00;25.9;0.1;811.2
11/11/2001;04:00;27;0.2;912.5
11/11/2001;05:00;27.2;0.2;857.9
11/11/2001;06:00;27.2;0.2;687
11/11/2001;07:00;26.7;0.2;649.5
11/11/2001;08:00;26.4;0.2;436.9
11/11/2001;09:00;26.2;0.2;282.1
11/11/2001;10:00;25.5;0;84
11/11/2001;11:00;24.5;0;0
11/11/2001;12:00;23.3;0;0
11/11/2001;13:00;23.1;0;0
11/11/2001;14:00;22.5;0;0
11/11/2001;15:00;21.5;0;0
11/11/2001;16:00;20.9;0;0
11/11/2001;17:00;20.6;0;0
11/11/2001;18:00;20.5;0;0
11/11/2001;19:00;20.5;0;0
11/11/2001;20:00;20.7;0;0
11/11/2001;21:00;20.6;0;0
11/11/2001;22:00;20.4;0;0
11/11/2001;23:00;20.8;0;77.8
12/11/2001;00:00;22.9;0;295.7
12/11/2001;01:00;24;0;514.5
12/11/2001;02:00;25.6;0;772.3
12/11/2001;03:00;26.3;0.1;808
12/11/2001;04:00;27.1;0.2;913.5
12/11/2001;05:00;27;0.2;656.9
12/11/2001;06:00;26.8;0.5;701.4
12/11/2001;07:00;26.3;0.1;655.1
12/11/2001;08:00;25.1;0;448.3
12/11/2001;09:00;24.5;0.3;240.7
12/11/2001;10:00;23.9;0.2;50.6
12/11/2001;11:00;22.9;0;0
12/11/2001;12:00;22.3;0;0
12/11/2001;13:00;21.7;0;0
12/11/2001;14:00;21;0;0
12/11/2001;15:00;20.6;0;0
12/11/2001;16:00;20.3;0;0
12/11/2001;17:00;20.1;0;0
12/11/2001;18:00;19.7;0;0
12/11/2001;19:00;19.6;0;0
12/11/2001;20:00;19.4;0;0
12/11/2001;21:00;20.4;0;0
12/11/2001;22:00;21.1;0;0
12/11/2001;23:00;21.1;0;101.5
13/11/2001;00:00;23.6;0;352.1
13/11/2001;01:00;24.8;0;570.4
13/11/2001;02:00;26.2;0;796.7
13/11/2001;03:00;27;0;800.6
13/11/2001;04:00;27.7;0;959.7
13/11/2001;05:00;28.1;0;892.8
13/11/2001;06:00;27.8;0;707.2
13/11/2001;07:00;26.3;0.2;602
13/11/2001;08:00;26.3;2;318.8
13/11/2001;09:00;25.3;0.7;179.9
13/11/2001;10:00;24.4;1.3;65.1
13/11/2001;11:00;23.8;0;0
13/11/2001;12:00;23.2;0;0
13/11/2001;13:00;22.5;0;0
13/11/2001;14:00;21.8;0;0
13/11/2001;15:00;21.5;0;0
13/11/2001;16:00;21.3;0;0
13/11/2001;17:00;21.1;0;0
13/11/2001;18:00;20.9;0;0
13/11/2001;19:00;20.9;0;0
13/11/2001;20:00;20.9;0;0
13/11/2001;21:00;20.5;0;0
13/11/2001;22:00;20.4;0;0
13/11/2001;23:00;21.4;0;77.8
14/11/2001;00:00;24.3;0;280.6
14/11/2001;01:00;25.8;0;491.9
14/11/2001;02:00;26.9;0;627.9
14/11/2001;03:00;27.8;0;753.9
14/11/2001;04:00;27.5;0.2;844
14/11/2001;05:00;26.6;3.5;588.6
14/11/2001;06:00;25.7;1.5;520.7
14/11/2001;07:00;25.1;3.9;450.7
14/11/2001;08:00;24.6;2;248.1
14/11/2001;09:00;23.8;0.6;101.2
14/11/2001;10:00;23.2;0;26.1
14/11/2001;11:00;22.6;0;0
14/11/2001;12:00;22.3;0.1;0
14/11/2001;13:00;22.3;0.2;0
14/11/2001;14:00;22.2;0.4;0
14/11/2001;15:00;22.2;0.5;0
14/11/2001;16:00;22.1;0.4;0
14/11/2001;17:00;22.1;0.2;0
14/11/2001;18:00;21.9;0.1;0
14/11/2001;19:00;21.6;0.4;0
14/11/2001;20:00;21.4;0.3;0
14/11/2001;21:00;21.3;0.5;0
14/11/2001;22:00;21.3;0.7;0
14/11/2001;23:00;21.9;0.6;49.7
15/11/2001;00:00;23;0.5;133.4
15/11/2001;01:00;24;0.5;276.3
15/11/2001;02:00;25.6;0.3;387.9
15/11/2001;03:00;25.7;0.2;570.3
15/11/2001;04:00;26.3;0.5;570.6
15/11/2001;05:00;26;0.6;508.4
15/11/2001;06:00;25.3;2.1;396.3
15/11/2001;07:00;24.4;3.6;284.6
15/11/2001;08:00;23.8;2.3;92.5
15/11/2001;09:00;23.4;2;99
15/11/2001;10:00;22.8;0.8;23
15/11/2001;11:00;22.3;0.8;0
15/11/2001;12:00;22.2;0.4;0
15/11/2001;13:00;22.2;0.1;0
15/11/2001;14:00;22;0;0
15/11/2001;15:00;21.8;0.2;0
15/11/2001;16:00;21.5;0.3;0
15/11/2001;17:00;21.6;0.1;0
15/11/2001;18:00;21.5;0;0
15/11/2001;19:00;21.4;0.5;0
15/11/2001;20:00;21.2;0.8;0
15/11/2001;21:00;21.2;1.5;0
15/11/2001;22:00;21.2;1.3;0
15/11/2001;23:00;21.3;1.2;17.3
16/11/2001;00:00;21.8;1;67.4
16/11/2001;01:00;22.4;1;110.8
16/11/2001;02:00;23.1;0.8;243.4
16/11/2001;03:00;23.5;0.3;333.5
16/11/2001;04:00;23.9;1.6;339.1
16/11/2001;05:00;24.7;0.2;543.1
16/11/2001;06:00;25.2;0;400.2
16/11/2001;07:00;25.4;0.1;545.4
16/11/2001;08:00;24.6;2.2;283.7
16/11/2001;09:00;23.6;2.7;146.3
16/11/2001;10:00;22.9;0.8;23.1
16/11/2001;11:00;22.3;0.1;0
16/11/2001;12:00;22.1;0;0
16/11/2001;13:00;21.7;0;0
16/11/2001;14:00;21.4;0;0
16/11/2001;15:00;21.2;0;0
16/11/2001;16:00;21.1;0;0
16/11/2001;17:00;20.9;0;0
16/11/2001;18:00;20.7;0;0
16/11/2001;19:00;20.6;0;0
16/11/2001;20:00;20.6;0;0
16/11/2001;21:00;20.5;0;0
16/11/2001;22:00;20.5;0;0
16/11/2001;23:00;20.8;0;58.4
17/11/2001;00:00;22.2;0;202.3
17/11/2001;01:00;23.6;0;365.7
17/11/2001;02:00;25.3;0;616.9
17/11/2001;03:00;26.4;0;623.5
17/11/2001;04:00;27.5;0;764.3
17/11/2001;05:00;26.6;1;504.5
17/11/2001;06:00;25.8;1.2;505.6
17/11/2001;07:00;24.7;4.6;341.7
17/11/2001;08:00;23.9;1.3;155.7
17/11/2001;09:00;23.2;0.9;53.5
17/11/2001;10:00;22.6;1.1;18.9
17/11/2001;11:00;22.2;1.2;0
17/11/2001;12:00;22;0.9;0
17/11/2001;13:00;21.8;1;0
17/11/2001;14:00;21.5;1.4;0
17/11/2001;15:00;21.3;1.1;0
17/11/2001;16:00;21.3;1.1;0
17/11/2001;17:00;21.2;1;0
17/11/2001;18:00;21;0.5;0
17/11/2001;19:00;20.9;0.7;0
17/11/2001;20:00;20.8;0.4;0
17/11/2001;21:00;20.8;0.6;0
17/11/2001;22:00;20.8;0.4;0
17/11/2001;23:00;21;0.5;51.9
18/11/2001;00:00;22.1;1.3;139
18/11/2001;01:00;22.6;1.1;251.4
18/11/2001;02:00;23.3;0.7;299
18/11/2001;03:00;23.6;0.8;273
18/11/2001;04:00;24.3;0.4;269.5
18/11/2001;05:00;25.2;0.5;364.8
18/11/2001;06:00;25.7;0.4;381.2
18/11/2001;07:00;24.7;0.8;271
18/11/2001;08:00;24.4;0.4;156.7
18/11/2001;09:00;24.4;0.3;141.1
18/11/2001;10:00;23.5;1.1;28.2
18/11/2001;11:00;22.9;0.7;0
18/11/2001;12:00;22.5;0.4;0
18/11/2001;13:00;22.2;0.3;0
18/11/2001;14:00;22.1;0.2;0
18/11/2001;15:00;22.1;0.4;0
18/11/2001;16:00;22;0.5;0
18/11/2001;17:00;22;0.5;0
18/11/2001;18:00;21.8;0.5;0
18/11/2001;19:00;21.3;0.4;0
18/11/2001;20:00;21.3;0.2;0
18/11/2001;21:00;21.3;0.4;0
18/11/2001;22:00;21;0.3;0
18/11/2001;23:00;21.3;0.4;30.3
19/11/2001;00:00;22.2;0.3;154.2
19/11/2001;01:00;22.9;0.2;195.4
19/11/2001;02:00;23.7;0.1;289.1
19/11/2001;03:00;24.7;0.4;563
19/11/2001;04:00;26.2;0;585.1
19/11/2001;05:00;26;0;525.5
19/11/2001;06:00;26;0.5;523
19/11/2001;07:00;24;1.8;261.9
19/11/2001;08:00;23.1;1.7;111.7
19/11/2001;09:00;22.9;1.6;34.9
19/11/2001;10:00;22.8;0.8;16.9
19/11/2001;11:00;22.5;0.7;0
19/11/2001;12:00;22.2;0.5;0
19/11/2001;13:00;22;0.9;0
19/11/2001;14:00;22.1;0.4;0
19/11/2001;15:00;21.8;0.1;0
19/11/2001;16:00;21.8;0;0
19/11/2001;17:00;21.5;0;0
19/11/2001;18:00;21.4;0;0
19/11/2001;19:00;21.2;0;0
19/11/2001;20:00;21.1;0;0
19/11/2001;21:00;20.9;0;0
19/11/2001;22:00;20.8;0;0
19/11/2001;23:00;21.3;0;62.8
20/11/2001;00:00;22.8;0;264.5
20/11/2001;01:00;24.1;0;461.2
20/11/2001;02:00;25.6;0;669.4
20/11/2001;03:00;26.7;0.1;753.3
20/11/2001;04:00;27;0.2;834.3
20/11/2001;05:00;26;0.2;572.2
20/11/2001;06:00;25.8;0;511.6
20/11/2001;07:00;24.9;1.1;374.1
20/11/2001;08:00;24.3;4.1;254.7
20/11/2001;09:00;23.2;2.7;95.6
20/11/2001;10:00;22.8;1.1;25.7
20/11/2001;11:00;22.5;0.5;0
20/11/2001;12:00;22.3;0.2;0
20/11/2001;13:00;22.2;0;0
20/11/2001;14:00;21.7;0;0
20/11/2001;15:00;21.4;0;0
20/11/2001;16:00;21.2;0;0
20/11/2001;17:00;21;0;0
20/11/2001;18:00;20.8;0;0
20/11/2001;19:00;21.3;0.3;0
20/11/2001;20:00;21.4;0.1;0
20/11/2001;21:00;21.4;0;0
20/11/2001;22:00;21.2;0;0
20/11/2001;23:00;21.5;0;77.9
21/11/2001;00:00;23.1;0;263.2
21/11/2001;01:00;24.1;0;352.9
21/11/2001;02:00;25.5;0;571.6
21/11/2001;03:00;26.6;0.1;781
21/11/2001;04:00;26.2;2.3;564.8
21/11/2001;05:00;26.5;0.4;496.9
21/11/2001;06:00;27.2;0;637.2
21/11/2001;07:00;26.1;2.7;535
21/11/2001;08:00;26;0;345.8
21/11/2001;09:00;25.6;0;248.1
21/11/2001;10:00;24.6;0;68.2
21/11/2001;11:00;24.1;0;0
21/11/2001;12:00;23.8;0;0
21/11/2001;13:00;23.4;0;0
21/11/2001;14:00;22.9;0;0
21/11/2001;15:00;22.8;0.5;0
21/11/2001;16:00;22.9;0.8;0
21/11/2001;17:00;22.5;0.6;0
21/11/2001;18:00;22.3;0.1;0
21/11/2001;19:00;21.6;0;0
21/11/2001;20:00;21.1;0;0
21/11/2001;21:00;21;0;0
21/11/2001;22:00;20.6;0;0
21/11/2001;23:00;21.2;0;69.3
22/11/2001;00:00;23.5;0;256.5
22/11/2001;01:00;25;0;463.8
22/11/2001;02:00;26.2;0.1;631.8
22/11/2001;03:00;27.3;0.2;886.3
22/11/2001;04:00;27.9;0.2;893.9
22/11/2001;05:00;28.4;0;902.6
22/11/2001;06:00;28.4;0;822.3
22/11/2001;07:00;27.7;0.2;620.7
22/11/2001;08:00;26.8;0.6;496.8
22/11/2001;09:00;25.4;1;229.7
22/11/2001;10:00;24.2;3.4;47.5
22/11/2001;11:00;23.4;1.4;0
22/11/2001;12:00;22.9;1.3;0
22/11/2001;13:00;22.6;0.8;0
22/11/2001;14:00;22.4;0.2;0
22/11/2001;15:00;21.9;0;0
22/11/2001;16:00;21.4;0;0
22/11/2001;17:00;21.3;0;0
22/11/2001;18:00;21.1;0;0
22/11/2001;19:00;21.2;0;0
22/11/2001;20:00;21;0;0
22/11/2001;21:00;20.9;0;0
22/11/2001;22:00;20.6;0;0
22/11/2001;23:00;21;0;56.3
23/11/2001;00:00;23.2;0;223.5
23/11/2001;01:00;24.2;0;355.4
23/11/2001;02:00;25.8;0;676.4
23/11/2001;03:00;26.5;0;653.7
23/11/2001;04:00;27.5;0;893
23/11/2001;05:00;27.9;0.1;788.7
23/11/2001;06:00;27.1;1;719.8
23/11/2001;07:00;26.3;3.5;583.2
23/11/2001;08:00;25.3;2.8;320.1
23/11/2001;09:00;24.8;2;185.5
23/11/2001;10:00;23.9;2.1;48.3
23/11/2001;11:00;22.9;0.6;0
23/11/2001;12:00;22.4;0.1;0
23/11/2001;13:00;22.2;0;0
23/11/2001;14:00;22;0;0
23/11/2001;15:00;22;0;0
23/11/2001;16:00;22;0;0
23/11/2001;17:00;21.9;0;0
23/11/2001;18:00;22;0;0
23/11/2001;19:00;22;0;0
23/11/2001;20:00;21.7;0;0
23/11/2001;21:00;21.5;0;0
23/11/2001;22:00;21.4;0;0
23/11/2001;23:00;21.7;0;54.2
24/11/2001;00:00;23;0;204.3
24/11/2001;01:00;24;0;347.2
24/11/2001;02:00;25.3;0;519.6
24/11/2001;03:00;26.9;0.2;568.7
24/11/2001;04:00;27.6;0.2;802.9
24/11/2001;05:00;27.7;0.2;632
24/11/2001;06:00;27.7;0.3;475.5
24/11/2001;07:00;27.1;2;541.9
24/11/2001;08:00;26.4;1.7;308.1
24/11/2001;09:00;25.6;0.1;175.5
24/11/2001;10:00;24.7;0.2;43.5
24/11/2001;11:00;24.1;0.2;0
24/11/2001;12:00;23.5;0.3;0
24/11/2001;13:00;23;0.1;0
24/11/2001;14:00;22.6;0.2;0
24/11/2001;15:00;22.3;0;0
24/11/2001;16:00;22;0;0
24/11/2001;17:00;21.6;0;0
24/11/2001;18:00;21.6;0;0
24/11/2001;19:00;21.3;0;0
24/11/2001;20:00;21.2;0;0
24/11/2001;21:00;21.6;0;0
24/11/2001;22:00;21.4;0;0
24/11/2001;23:00;21.6;0;45.5
25/11/2001;00:00;22.6;0;174.1
25/11/2001;01:00;23.7;0;300.7
25/11/2001;02:00;24.8;0;445.1
25/11/2001;03:00;25.9;0.2;542.2
25/11/2001;04:00;26.7;0.2;649.2
25/11/2001;05:00;26.6;1.3;532.9
25/11/2001;06:00;26.1;0.7;645.3
25/11/2001;07:00;24.8;1.4;439.9
25/11/2001;08:00;23.2;1.6;268.3
25/11/2001;09:00;23.5;0.9;147.6
25/11/2001;10:00;23.5;0.9;66.2
25/11/2001;11:00;22.9;0.2;0
25/11/2001;12:00;22.4;0.3;0
25/11/2001;13:00;21.9;0.4;0
25/11/2001;14:00;22;0.2;0
25/11/2001;15:00;21.9;0.2;0
25/11/2001;16:00;21.7;0.2;0
25/11/2001;17:00;21.3;0.5;0
25/11/2001;18:00;21;0.6;0
25/11/2001;19:00;21;0.3;0
25/11/2001;20:00;21.1;0;0
25/11/2001;21:00;21;0;0
25/11/2001;22:00;21;0;0
25/11/2001;23:00;21.3;0;47.7
26/11/2001;00:00;22.5;0;226.7
26/11/2001;01:00;23.9;0;427.3
26/11/2001;02:00;25.6;0;681.2
26/11/2001;03:00;26.2;0.2;763.5
26/11/2001;04:00;26.2;0.7;848.3
26/11/2001;05:00;26.6;2.8;753.3
26/11/2001;06:00;26;8.1;612.9
26/11/2001;07:00;24.2;0.8;459.4
26/11/2001;08:00;24.2;1.1;377
26/11/2001;09:00;24;8.8;165.7
26/11/2001;10:00;23;2.8;53.5
26/11/2001;11:00;22.5;1.3;0
26/11/2001;12:00;22.2;0.5;0
26/11/2001;13:00;21.9;0.1;0
26/11/2001;14:00;21.4;0;0
26/11/2001;15:00;21.3;0;0
26/11/2001;16:00;21;0;0
26/11/2001;17:00;20.4;0;0
26/11/2001;18:00;20.1;0;0
26/11/2001;19:00;20.9;0;0
26/11/2001;20:00;20.8;0;0
26/11/2001;21:00;20.7;0;0
26/11/2001;22:00;20.7;0;0
26/11/2001;23:00;20.9;0;82.5
27/11/2001;00:00;22.8;0;303
27/11/2001;01:00;23.9;0;500.3
27/11/2001;02:00;25.5;0;703.6
27/11/2001;03:00;26.3;0.3;766.8
27/11/2001;04:00;26.7;0;885.4
27/11/2001;05:00;26.6;0.1;777.3
27/11/2001;06:00;27;1.5;751.1
27/11/2001;07:00;26.1;2.8;564.5
27/11/2001;08:00;25.2;0.9;401.5
27/11/2001;09:00;24.5;0.5;195.6
27/11/2001;10:00;23.5;0.3;60.6
27/11/2001;11:00;22.7;0.2;0
27/11/2001;12:00;22.5;0;0
27/11/2001;13:00;22.2;0;0
27/11/2001;14:00;22;0;0
27/11/2001;15:00;21.7;0;0
27/11/2001;16:00;21.6;0;0
27/11/2001;17:00;21.2;0;0
27/11/2001;18:00;20.3;0;0
27/11/2001;19:00;21;0;0
27/11/2001;20:00;21.6;0;0
27/11/2001;21:00;21.5;0;0
27/11/2001;22:00;21.4;0;0
27/11/2001;23:00;21.6;0;58.6
28/11/2001;00:00;22.6;0;206.3
28/11/2001;01:00;24.1;0;385.8
28/11/2001;02:00;25.4;0.1;539
28/11/2001;03:00;26.3;0.2;593.6
28/11/2001;04:00;26.9;0.5;659.8
28/11/2001;05:00;26.5;0.5;613.6
28/11/2001;06:00;26.2;0.6;573.8
28/11/2001;07:00;23.6;1.4;132.6
28/11/2001;08:00;23.8;2;193
28/11/2001;09:00;23.1;1.2;79.9
28/11/2001;10:00;23.1;1.1;43.2
28/11/2001;11:00;22.6;0.7;0
28/11/2001;12:00;22.3;0.5;0
28/11/2001;13:00;21.9;0.3;0
28/11/2001;14:00;21.6;0.2;0
28/11/2001;15:00;21.4;0.4;0
28/11/2001;16:00;20.9;0.2;0
28/11/2001;17:00;20.8;0;0
28/11/2001;18:00;20.8;0;0
28/11/2001;19:00;21;0;0
28/11/2001;20:00;20.3;0;0
28/11/2001;21:00;20.1;0;0
28/11/2001;22:00;19.9;0;0
28/11/2001;23:00;20.3;0;56.5
29/11/2001;00:00;22.2;0;248.1
29/11/2001;01:00;24.1;0;524.6
29/11/2001;02:00;25.4;0;649.3
29/11/2001;03:00;26;0;635.2
29/11/2001;04:00;26.3;0;802.5
29/11/2001;05:00;26.4;0;658.4
29/11/2001;06:00;26.2;0;729.4
29/11/2001;07:00;24.8;0;305
29/11/2001;08:00;24.3;0;119.2
29/11/2001;09:00;24;0.2;51.8
29/11/2001;10:00;23.5;0.3;18.9
29/11/2001;11:00;23;0;0
29/11/2001;12:00;22.7;0;0
29/11/2001;13:00;22.4;0;0
29/11/2001;14:00;22.1;0;0
29/11/2001;15:00;21.9;0;0
29/11/2001;16:00;21.8;0;0
29/11/2001;17:00;21.6;0;0
29/11/2001;18:00;21.5;0;0
29/11/2001;19:00;21.5;0;0
29/11/2001;20:00;21.2;0;0
29/11/2001;21:00;21;0;0
29/11/2001;22:00;21;0;0
29/11/2001;23:00;21.3;0;45.7
30/11/2001;00:00;22.5;0;198.4
30/11/2001;01:00;23.1;0;331.1
30/11/2001;02:00;24;0.1;558.2
30/11/2001;03:00;25.2;0.3;715.1
30/11/2001;04:00;25.6;0.1;734.9
30/11/2001;05:00;24.9;0.1;795.6
30/11/2001;06:00;24.1;0.5;600.9
30/11/2001;07:00;24.7;0.1;517
30/11/2001;08:00;24.8;5;379.5
30/11/2001;09:00;24.4;7.6;186.8
30/11/2001;10:00;23.1;0.2;43.1
30/11/2001;11:00;22.3;0;0
30/11/2001;12:00;21.8;0;0
30/11/2001;13:00;21.4;0;0
30/11/2001;14:00;21.1;0;0
30/11/2001;15:00;20.8;0;0
30/11/2001;16:00;20.5;0;0
30/11/2001;17:00;20.5;0;0
30/11/2001;18:00;20.3;0;0
30/11/2001;19:00;20.4;0;0
30/11/2001;20:00;20.2;0;0
30/11/2001;21:00;20;0;0
30/11/2001;22:00;19.8;0;0
30/11/2001;23:00;20.3;0;50
01/12/2001;00:00;22.3;0;201.4
01/12/2001;01:00;23.2;0;377.9
01/12/2001;02:00;24;0;499.2
01/12/2001;03:00;25;0;657.8
01/12/2001;04:00;25.4;0.1;677.6
01/12/2001;05:00;24.8;0.9;566.3
01/12/2001;06:00;24.3;8;520.4
01/12/2001;07:00;22.6;9.1;276.6
01/12/2001;08:00;22.2;6.8;126.3
01/12/2001;09:00;22.1;2.8;61.3
01/12/2001;10:00;21.8;1.2;19.6
01/12/2001;11:00;21.4;1.3;0
01/12/2001;12:00;21.2;1.2;0
01/12/2001;13:00;21;0.6;0
01/12/2001;14:00;20.8;0.3;0
01/12/2001;15:00;20.5;0.6;0
01/12/2001;16:00;20.3;0.2;0
01/12/2001;17:00;20.2;0;0
01/12/2001;18:00;20.1;0;0
01/12/2001;19:00;19.9;0.2;0
01/12/2001;20:00;19.7;0.2;0
01/12/2001;21:00;19.5;0.1;0
01/12/2001;22:00;19.3;0;0
01/12/2001;23:00;19.8;0;56.6
02/12/2001;00:00;22.2;0;236.4
02/12/2001;01:00;24.1;0;508.5
02/12/2001;02:00;24.9;0;612
02/12/2001;03:00;25.5;0;706.9
02/12/2001;04:00;25.9;0;576.1
02/12/2001;05:00;26.2;0;767.1
02/12/2001;06:00;26;0;740.5
02/12/2001;07:00;25.2;2.8;404.9
02/12/2001;08:00;24.9;2;292.7
02/12/2001;09:00;24.4;0.5;132.2
02/12/2001;10:00;23.5;0;64.4
02/12/2001;11:00;22.7;0;0
02/12/2001;12:00;22.1;0.2;0
02/12/2001;13:00;21.3;0;0
02/12/2001;14:00;21.4;0;0
02/12/2001;15:00;20.8;0;0
02/12/2001;16:00;20.3;0;0
02/12/2001;17:00;20.1;0;0
02/12/2001;18:00;19.8;0;0
02/12/2001;19:00;20.1;0;0
02/12/2001;20:00;19.7;0;0
02/12/2001;21:00;19.5;0;0
02/12/2001;22:00;19.6;0;0
02/12/2001;23:00;20.2;0;67.6
03/12/2001;00:00;22.4;0;246.4
03/12/2001;01:00;23.7;0;501.6
03/12/2001;02:00;24.9;0;617.7
03/12/2001;03:00;25.6;0;775.2
03/12/2001;04:00;26;0;798
03/12/2001;05:00;26.2;0;842.8
03/12/2001;06:00;24;7;454.4
03/12/2001;07:00;22.9;10.4;424.4
03/12/2001;08:00;22.9;8.9;287.7
03/12/2001;09:00;22.6;1;153.6
03/12/2001;10:00;22.4;0.5;53.7
03/12/2001;11:00;21.9;0.4;0
03/12/2001;12:00;21.6;0;0
03/12/2001;13:00;21.4;0.4;0
03/12/2001;14:00;21;0.7;0
03/12/2001;15:00;20.8;0;0
03/12/2001;16:00;20.5;0;0
03/12/2001;17:00;20.3;0;0
03/12/2001;18:00;20;0;0
03/12/2001;19:00;20.2;0;0
03/12/2001;20:00;20.1;0;0
03/12/2001;21:00;19.8;0;0
03/12/2001;22:00;19.7;0;0
03/12/2001;23:00;20.4;0;50.2
04/12/2001;00:00;21.8;0;207.7
04/12/2001;01:00;22.5;0;398.9
04/12/2001;02:00;23.2;0;508.6
04/12/2001;03:00;24.5;0;644.4
04/12/2001;04:00;25.2;0.1;762.3
04/12/2001;05:00;25.3;0.2;749.6
04/12/2001;06:00;25.3;0.8;753.3
04/12/2001;07:00;23.5;10.2;402.4
04/12/2001;08:00;23.2;3.8;184
04/12/2001;09:00;23.2;0.1;121.5
04/12/2001;10:00;23;0.1;43.4
04/12/2001;11:00;22.4;0;0
04/12/2001;12:00;21.8;0;0
04/12/2001;13:00;21.1;0.2;0
04/12/2001;14:00;20.7;0;0
04/12/2001;15:00;20.5;0;0
04/12/2001;16:00;20.5;0.1;0
04/12/2001;17:00;20.6;0.2;0
04/12/2001;18:00;20.4;0.1;0
04/12/2001;19:00;20.3;0;0
04/12/2001;20:00;20.5;0;0
04/12/2001;21:00;20.2;0;0
04/12/2001;22:00;19.9;0;0
04/12/2001;23:00;20.4;0;65.5
05/12/2001;00:00;22.5;0;242.9
05/12/2001;01:00;23.9;0;456.6
05/12/2001;02:00;25;0;644.9
05/12/2001;03:00;26.1;0.1;847
05/12/2001;04:00;26.6;0.1;829.2
05/12/2001;05:00;27.1;0;848.2
05/12/2001;06:00;26.7;0;813.1
05/12/2001;07:00;26.7;0.3;625
05/12/2001;08:00;26;0.4;429.4
05/12/2001;09:00;25.1;0.3;251.1
05/12/2001;10:00;23.8;0.3;78.4
05/12/2001;11:00;22.7;0;0
05/12/2001;12:00;22.1;0;0
05/12/2001;13:00;21.7;0;0
05/12/2001;14:00;21.3;0;0
05/12/2001;15:00;21.2;0;0
05/12/2001;16:00;20.9;0;0
05/12/2001;17:00;20.8;0;0
05/12/2001;18:00;20.3;0;0
05/12/2001;19:00;20.4;0;0
05/12/2001;20:00;20.1;0;0
05/12/2001;21:00;20.1;0;0
05/12/2001;22:00;19.6;0;0
05/12/2001;23:00;20.1;0;67.7
06/12/2001;00:00;22.6;0;307.6
06/12/2001;01:00;23.8;0;548
06/12/2001;02:00;24.9;0;736.7
06/12/2001;03:00;25.3;0.1;766.2
06/12/2001;04:00;26;0.1;892.1
06/12/2001;05:00;26.2;0.1;884.2
06/12/2001;06:00;26.3;0.6;815.3
06/12/2001;07:00;25.3;0.6;596.6
06/12/2001;08:00;24.7;1.1;396.4
06/12/2001;09:00;24;0.2;263.2
06/12/2001;10:00;23.1;0;104.8
06/12/2001;11:00;22;0;0
06/12/2001;12:00;21.1;0;0
06/12/2001;13:00;20.8;0;0
06/12/2001;14:00;20.5;0;0
06/12/2001;15:00;20.4;0;0
06/12/2001;16:00;19.7;0;0
06/12/2001;17:00;19.3;0;0
06/12/2001;18:00;19.6;0;0
06/12/2001;19:00;19.5;0;0
06/12/2001;20:00;19.6;0;0
06/12/2001;21:00;19.6;0;0
06/12/2001;22:00;19.7;0;0
06/12/2001;23:00;20.2;0;54.7
07/12/2001;00:00;22.1;0;250.7
07/12/2001;01:00;23.3;0;443.9
07/12/2001;02:00;24.3;0.1;623
07/12/2001;03:00;25;0.3;761.1
07/12/2001;04:00;25.4;0.1;711.4
07/12/2001;05:00;25.5;0.2;611.8
07/12/2001;06:00;24.2;2.9;551
07/12/2001;07:00;24.1;5.7;520.1
07/12/2001;08:00;23.4;0.7;194.8
07/12/2001;09:00;23.6;0.1;174.9
07/12/2001;10:00;23;0.7;77.4
07/12/2001;11:00;22.2;0.5;0
07/12/2001;12:00;21.5;0.4;0
07/12/2001;13:00;21.1;0.1;0
07/12/2001;14:00;20.7;0;0
07/12/2001;15:00;20.3;0;0
07/12/2001;16:00;19.9;0;0
07/12/2001;17:00;19.9;0;0
07/12/2001;18:00;19.5;0;0
07/12/2001;19:00;19.6;0;0
07/12/2001;20:00;19.6;0;0
07/12/2001;21:00;19.2;0;0
07/12/2001;22:00;19.1;0;0
07/12/2001;23:00;19.7;0;56.9
08/12/2001;00:00;21.2;0;225.8
08/12/2001;01:00;22.8;0;476.6
08/12/2001;02:00;23.8;0;654.5
08/12/2001;03:00;24.9;0;744.3
08/12/2001;04:00;25.1;0.3;743.4
08/12/2001;05:00;25;0.2;795
08/12/2001;06:00;25.1;1.4;691.6
08/12/2001;07:00;24.9;1.1;530.5
08/12/2001;08:00;24.6;1.3;334.8
08/12/2001;09:00;23.7;0.3;256.8
08/12/2001;10:00;23.1;0.1;76
08/12/2001;11:00;22.3;0;0
08/12/2001;12:00;21.7;0;0
08/12/2001;13:00;21.1;0;0
08/12/2001;14:00;20.5;0;0
08/12/2001;15:00;20.3;0;0
08/12/2001;16:00;19.9;0;0
08/12/2001;17:00;19.2;0;0
08/12/2001;18:00;18.4;0;0
08/12/2001;19:00;19.2;0;0
08/12/2001;20:00;19.1;0;0
08/12/2001;21:00;18.7;0;0
08/12/2001;22:00;18.1;0;0
08/12/2001;23:00;18.5;0;54.8
09/12/2001;00:00;20.9;0;241.7
09/12/2001;01:00;23.4;0;476.9
09/12/2001;02:00;24.5;0;661.5
09/12/2001;03:00;25.7;0;862.9
09/12/2001;04:00;26.7;0;977.1
09/12/2001;05:00;27.2;0;855
09/12/2001;06:00;27.2;0.2;722.6
09/12/2001;07:00;26.4;0.3;571.4
09/12/2001;08:00;25.6;0.2;425.1
09/12/2001;09:00;25;0.1;262.6
09/12/2001;10:00;23.9;0;55.9
09/12/2001;11:00;23.1;0;0
09/12/2001;12:00;22.1;0;0
09/12/2001;13:00;21.3;0;0
09/12/2001;14:00;20.8;0;0
09/12/2001;15:00;20.6;0;0
09/12/2001;16:00;20.1;0;0
09/12/2001;17:00;19.8;0;0
09/12/2001;18:00;19.8;0;0
09/12/2001;19:00;20.4;0;0
09/12/2001;20:00;19.8;0;0
09/12/2001;21:00;19.9;0;0
09/12/2001;22:00;20.1;0;0
09/12/2001;23:00;20.4;0;63.6
10/12/2001;00:00;22.4;0;288.5
10/12/2001;01:00;23.7;0;562.6
10/12/2001;02:00;24.6;0;774.7
10/12/2001;03:00;25.5;0;878
10/12/2001;04:00;26.5;0;938.2
10/12/2001;05:00;26.3;0;706.8
10/12/2001;06:00;26.2;0.1;681.4
10/12/2001;07:00;25.6;0.3;575.3
10/12/2001;08:00;25.1;0.2;479.6
10/12/2001;09:00;24.3;0;244.7
10/12/2001;10:00;23.3;0.1;84
10/12/2001;11:00;22.8;0;0
10/12/2001;12:00;22;0;0
10/12/2001;13:00;21.7;0;0
10/12/2001;14:00;21.3;0;0
10/12/2001;15:00;20.9;0;0
10/12/2001;16:00;20.5;0;0
10/12/2001;17:00;20.1;0;0
10/12/2001;18:00;19.5;0;0
10/12/2001;19:00;19.7;0;0
10/12/2001;20:00;19.4;0;0
10/12/2001;21:00;19.1;0;0
10/12/2001;22:00;18.9;0;0
10/12/2001;23:00;19;0;57.1
11/12/2001;00:00;21.4;0;262.3
11/12/2001;01:00;24;0;506.5
11/12/2001;02:00;25.5;0;769.4
11/12/2001;03:00;26.8;0.2;902.8
11/12/2001;04:00;27.5;0.2;878.8
11/12/2001;05:00;28;0.3;837.5
11/12/2001;06:00;27.9;0;803.9
11/12/2001;07:00;27.3;0.3;634.7
11/12/2001;08:00;26.4;0.1;454.5
11/12/2001;09:00;25.6;0.2;243.4
11/12/2001;10:00;24.9;0;101.4
11/12/2001;11:00;24;0;0
11/12/2001;12:00;23.1;0.6;0
11/12/2001;13:00;22.6;0.3;0
11/12/2001;14:00;22.4;0.1;0
11/12/2001;15:00;21.9;0.1;0
11/12/2001;16:00;21.5;0;0
11/12/2001;17:00;21.3;0;0
11/12/2001;18:00;21.1;0;0
11/12/2001;19:00;21.3;0;0
11/12/2001;20:00;21;0;0
11/12/2001;21:00;20.7;0;0
11/12/2001;22:00;20.5;0;0
11/12/2001;23:00;20.2;0;46.2
12/12/2001;00:00;22.4;0;255.7
12/12/2001;01:00;24.1;0;504.4
12/12/2001;02:00;25.4;0.2;671.2
12/12/2001;03:00;26;0.4;752.6
12/12/2001;04:00;26.8;0.3;920.2
12/12/2001;05:00;26.5;0;672.3
12/12/2001;06:00;26.1;0.1;651
12/12/2001;07:00;25.3;1.1;511.9
12/12/2001;08:00;25;1.5;440.7
12/12/2001;09:00;24.8;0.3;258
12/12/2001;10:00;23.8;0.7;72.6
12/12/2001;11:00;22.5;2.3;0
12/12/2001;12:00;22.1;0.7;0
12/12/2001;13:00;22;1;0
12/12/2001;14:00;21.8;0.7;0
12/12/2001;15:00;21.7;0.7;0
12/12/2001;16:00;21.6;0.4;0
12/12/2001;17:00;21.4;0.3;0
12/12/2001;18:00;21.5;0.3;0
12/12/2001;19:00;20.7;0.3;0
12/12/2001;20:00;20.9;0.2;0
12/12/2001;21:00;20.9;0;0
12/12/2001;22:00;21;0;0
12/12/2001;23:00;21;0;46.2
13/12/2001;00:00;22.3;0;193.9
13/12/2001;01:00;23.5;0;401.2
13/12/2001;02:00;25.1;0.1;627.9
13/12/2001;03:00;25.9;0.2;635.4
13/12/2001;04:00;26.6;0.1;815.4
13/12/2001;05:00;26.3;1.9;646.6
13/12/2001;06:00;26.7;5.2;568.4
13/12/2001;07:00;24.7;6.6;352.8
13/12/2001;08:00;24.8;2.3;259.5
13/12/2001;09:00;24.2;0.4;101.2
13/12/2001;10:00;23.6;0.1;46.6
13/12/2001;11:00;23.1;0;0
13/12/2001;12:00;22.7;0;0
13/12/2001;13:00;22.5;0.1;0
13/12/2001;14:00;22.7;0.6;0
13/12/2001;15:00;22.5;0.1;0
13/12/2001;16:00;22.3;0;0
13/12/2001;17:00;22;0;0
13/12/2001;18:00;21.9;0;0
13/12/2001;19:00;21.3;0;0
13/12/2001;20:00;21.5;0;0
13/12/2001;21:00;21.6;0;0
13/12/2001;22:00;21.5;0.3;0
13/12/2001;23:00;21.7;0.2;33.1
14/12/2001;00:00;23;0;144.7
14/12/2001;01:00;23.9;0.1;289.3
14/12/2001;02:00;25.4;0.2;483.7
14/12/2001;03:00;26.3;0.5;523.4
14/12/2001;04:00;24.6;2.4;378
14/12/2001;05:00;25.9;0.5;636.8
14/12/2001;06:00;25.3;0.2;354.6
14/12/2001;07:00;25;0.6;464.1
14/12/2001;08:00;24.7;1.4;417.6
14/12/2001;09:00;23.9;2.7;186
14/12/2001;10:00;23.4;1;38.1
14/12/2001;11:00;23;0.9;0
14/12/2001;12:00;22.5;0.5;0
14/12/2001;13:00;22.1;0.4;0
14/12/2001;14:00;22.2;0.5;0
14/12/2001;15:00;21.9;0.5;0
14/12/2001;16:00;21.6;0.4;0
14/12/2001;17:00;21.5;0.1;0
14/12/2001;18:00;21.2;0;0
14/12/2001;19:00;21;0;0
14/12/2001;20:00;20.7;0;0
14/12/2001;21:00;20.5;0;0
14/12/2001;22:00;20.6;0.1;0
14/12/2001;23:00;21.1;0;35.3
15/12/2001;00:00;22.6;0;199
15/12/2001;01:00;23.4;0;322.1
15/12/2001;02:00;24.4;0.1;500.7
15/12/2001;03:00;25.4;0.3;704.1
15/12/2001;04:00;26.8;0.4;823.1
15/12/2001;05:00;24.7;8.7;477.5
15/12/2001;06:00;24.4;5.9;397.1
15/12/2001;07:00;24.7;0.5;376.2
15/12/2001;08:00;25.1;0.1;318.6
15/12/2001;09:00;24.7;2.2;168.6
15/12/2001;10:00;24.2;0;65.5
15/12/2001;11:00;23.2;0;0
15/12/2001;12:00;22.3;0;0
15/12/2001;13:00;21.6;0;0
15/12/2001;14:00;21.1;0;0
15/12/2001;15:00;20.7;0;0
15/12/2001;16:00;20.6;0;0
15/12/2001;17:00;20.4;0;0
15/12/2001;18:00;19.8;0;0
15/12/2001;19:00;20.1;0;0
15/12/2001;20:00;19.4;0;0
15/12/2001;21:00;19.4;0;0
15/12/2001;22:00;19.5;0;0
15/12/2001;23:00;20.7;0;46.4
16/12/2001;00:00;23.1;0;242.1
16/12/2001;01:00;25.1;0;479.3
16/12/2001;02:00;26.1;0;699.3
16/12/2001;03:00;26.6;0;719.3
16/12/2001;04:00;27.7;0;826.4
16/12/2001;05:00;28.2;0;739.8
16/12/2001;06:00;27.4;3;665.3
16/12/2001;07:00;27.2;3.5;556.2
16/12/2001;08:00;25.7;0.4;312.6
16/12/2001;09:00;25.4;0.3;170.4
16/12/2001;10:00;24.7;0;53.4
16/12/2001;11:00;23.9;0;0
16/12/2001;12:00;23;0;0
16/12/2001;13:00;22.8;0;0
16/12/2001;14:00;22.2;0;0
16/12/2001;15:00;21.4;0;0
16/12/2001;16:00;21;0;0
16/12/2001;17:00;20.7;0;0
16/12/2001;18:00;20.7;0;0
16/12/2001;19:00;20.5;0;0
16/12/2001;20:00;20.5;0;0
16/12/2001;21:00;20.4;0;0
16/12/2001;22:00;20.2;0;0
16/12/2001;23:00;20.6;0;44.2
17/12/2001;00:00;22.4;0;206.9
17/12/2001;01:00;24.5;0;367.3
17/12/2001;02:00;26.1;0.2;699.6
17/12/2001;03:00;27;0.1;739.9
17/12/2001;04:00;27.4;0.4;870.9
17/12/2001;05:00;27.4;3;748
17/12/2001;06:00;26.5;3.9;661.6
17/12/2001;07:00;26;3.4;464.6
17/12/2001;08:00;24.7;3.1;306.7
17/12/2001;09:00;24.5;0.8;144.9
17/12/2001;10:00;24;0.2;51.7
17/12/2001;11:00;23.3;0;0
17/12/2001;12:00;22.6;0;0
17/12/2001;13:00;21.9;0;0
17/12/2001;14:00;21.4;0;0
17/12/2001;15:00;21.3;0;0
17/12/2001;16:00;21;0;0
17/12/2001;17:00;20.8;0;0
17/12/2001;18:00;20.8;0;0
17/12/2001;19:00;20.8;0;0
17/12/2001;20:00;20.8;0;0
17/12/2001;21:00;20.5;0;0
17/12/2001;22:00;20.4;0;0
17/12/2001;23:00;20.9;0;35.4
18/12/2001;00:00;23;0;218.8
18/12/2001;01:00;24.4;0.1;360.3
18/12/2001;02:00;25.7;0;544
18/12/2001;03:00;26.4;0;578.6
18/12/2001;04:00;26.5;0;610.3
18/12/2001;05:00;26.6;1;694.3
18/12/2001;06:00;26.2;4.6;707.1
18/12/2001;07:00;25.1;4.3;329.3
18/12/2001;08:00;24.4;1.1;154.7
18/12/2001;09:00;24.3;0.2;153.9
18/12/2001;10:00;23.7;0.1;78.8
18/12/2001;11:00;23.1;0;0
18/12/2001;12:00;22.5;0;0
18/12/2001;13:00;22;0;0
18/12/2001;14:00;21.6;0;0
18/12/2001;15:00;21.5;0;0
18/12/2001;16:00;21.3;0;0
18/12/2001;17:00;21.2;0;0
18/12/2001;18:00;21;0;0
18/12/2001;19:00;21.3;0;0
18/12/2001;20:00;21.3;0;0
18/12/2001;21:00;21.1;0;0
18/12/2001;22:00;21.3;0;0
18/12/2001;23:00;21.4;0;37.7
19/12/2001;00:00;21.8;0;180.6
19/12/2001;01:00;23.8;0;467.1
19/12/2001;02:00;24.9;0;602.5
19/12/2001;03:00;25.6;0.1;773.5
19/12/2001;04:00;24.3;3.4;507.3
19/12/2001;05:00;25.3;0.9;694.5
19/12/2001;06:00;23.6;3.7;359.9
19/12/2001;07:00;23.3;2.4;337.8
19/12/2001;08:00;23.7;2.6;324.6
19/12/2001;09:00;22.6;5.1;138
19/12/2001;10:00;22.4;2.4;49
19/12/2001;11:00;22;0.3;0
19/12/2001;12:00;21.9;0.4;0
19/12/2001;13:00;21.8;0.3;0
19/12/2001;14:00;21.5;0.4;0
19/12/2001;15:00;21.2;0.3;0
19/12/2001;16:00;21.2;0.3;0
19/12/2001;17:00;21;0.2;0
19/12/2001;18:00;20.8;0.5;0
19/12/2001;19:00;21.1;2.3;0
19/12/2001;20:00;21;1.5;0
19/12/2001;21:00;20.7;0.6;0
19/12/2001;22:00;20.7;0;0
19/12/2001;23:00;21;0;24.4
20/12/2001;00:00;22.1;0;139.3
20/12/2001;01:00;23.4;0;329.4
20/12/2001;02:00;24.8;0.1;561.3
20/12/2001;03:00;25.7;0.2;707.4
20/12/2001;04:00;25.4;0.3;691.1
20/12/2001;05:00;24.8;2.4;567.9
20/12/2001;06:00;25.2;6.3;603.3
20/12/2001;07:00;24;5.3;355.5
20/12/2001;08:00;24.1;2.8;226.2
20/12/2001;09:00;23.3;0.8;129.3
20/12/2001;10:00;22.7;1.7;61.8
20/12/2001;11:00;22.2;1.8;0
20/12/2001;12:00;21.9;2;0
20/12/2001;13:00;21.6;2.6;0
20/12/2001;14:00;21.5;3.4;0
20/12/2001;15:00;21.4;4.4;0
20/12/2001;16:00;21.2;4.1;0
20/12/2001;17:00;21.2;3.8;0
20/12/2001;18:00;20.8;3.3;0
20/12/2001;19:00;20.9;2.8;0
20/12/2001;20:00;20.7;2.1;0
20/12/2001;21:00;20.6;2.4;0
20/12/2001;22:00;20.5;2.1;0
20/12/2001;23:00;20.7;2;11.1
21/12/2001;00:00;21.6;1.7;73.4
21/12/2001;01:00;22.2;0.8;97
21/12/2001;02:00;23;0.9;152.7
21/12/2001;03:00;24.1;0.4;308.3
21/12/2001;04:00;24.8;0.6;341.5
21/12/2001;05:00;25;0.5;257.6
21/12/2001;06:00;25;0.9;445.1
21/12/2001;07:00;25;0.1;400.2
21/12/2001;08:00;24.9;2.4;346.9
21/12/2001;09:00;24.3;2.2;172.1
21/12/2001;10:00;23.7;0.4;63.9
21/12/2001;11:00;23.1;0;0
21/12/2001;12:00;22.4;0;0
21/12/2001;13:00;21.8;0;0
21/12/2001;14:00;21.8;0;0
21/12/2001;15:00;21.5;0.3;0
21/12/2001;16:00;21.3;0.3;0
21/12/2001;17:00;21.1;0.2;0
21/12/2001;18:00;20.8;0.2;0
21/12/2001;19:00;20.8;0.7;0
21/12/2001;20:00;20.6;0.5;0
21/12/2001;21:00;20.5;0.2;0
21/12/2001;22:00;20.4;0.1;0
21/12/2001;23:00;20.7;0;33.4
22/12/2001;00:00;21.7;0;150.1
22/12/2001;01:00;22.4;0;419.7
22/12/2001;02:00;23.8;0;558.4
22/12/2001;03:00;24.8;0;687.5
22/12/2001;04:00;25.5;0;810.1
22/12/2001;05:00;25.9;0.4;808.9
22/12/2001;06:00;26.1;2;855.7
22/12/2001;07:00;24.9;3.4;575.9
22/12/2001;08:00;24.7;7;329.5
22/12/2001;09:00;24.2;4.2;109.5
22/12/2001;10:00;23.6;3;60.3
22/12/2001;11:00;23;0.7;0
22/12/2001;12:00;22.2;0.5;0
22/12/2001;13:00;22.1;0.5;0
22/12/2001;14:00;21.7;0.5;0
22/12/2001;15:00;21.3;0.2;0
22/12/2001;16:00;21;0;0
22/12/2001;17:00;20.2;0;0
22/12/2001;18:00;19.8;0;0
22/12/2001;19:00;18.7;0;0
22/12/2001;20:00;18.7;0;0
22/12/2001;21:00;18.6;0;0
22/12/2001;22:00;18.3;0.2;0
22/12/2001;23:00;18.7;0;31.2
23/12/2001;00:00;20.9;0;128.7
23/12/2001;01:00;22.9;0;343.6
23/12/2001;02:00;24.3;0;600.3
23/12/2001;03:00;25.3;0;690.9
23/12/2001;04:00;26.1;0;789.7
23/12/2001;05:00;27;0;904
23/12/2001;06:00;27.1;0;769
23/12/2001;07:00;27;1.1;615.2
23/12/2001;08:00;26;2.9;326.1
23/12/2001;09:00;25.3;0.5;242.5
23/12/2001;10:00;24.6;0.2;77.1
23/12/2001;11:00;23.7;0;0
23/12/2001;12:00;23;0;0
23/12/2001;13:00;22.4;0;0
23/12/2001;14:00;22.2;0;0
23/12/2001;15:00;21.6;0;0
23/12/2001;16:00;21.2;0;0
23/12/2001;17:00;20.9;0;0
23/12/2001;18:00;20.6;0;0
23/12/2001;19:00;21.3;0.1;0
23/12/2001;20:00;21.3;0;0
23/12/2001;21:00;21.2;0;0
23/12/2001;22:00;21.1;0;0
23/12/2001;23:00;21.2;0;17.9
24/12/2001;00:00;22.4;0;132
24/12/2001;01:00;23.5;0;232.1
24/12/2001;02:00;24.4;0;263.2
24/12/2001;03:00;25.4;0;414.7
24/12/2001;04:00;26.2;0;567.9
24/12/2001;05:00;26.2;0;522.6
24/12/2001;06:00;26.1;0.1;448.4
24/12/2001;07:00;26.5;0.1;539.2
24/12/2001;08:00;24;0.3;380.1
24/12/2001;09:00;24.1;0.8;229.9
24/12/2001;10:00;23.7;0.3;81.2
24/12/2001;11:00;23.1;0;0
24/12/2001;12:00;22.6;0;0
24/12/2001;13:00;22.3;0.2;0
24/12/2001;14:00;22.2;0.3;0
24/12/2001;15:00;22;0.3;0
24/12/2001;16:00;21.7;0.2;0
24/12/2001;17:00;21.4;0.1;0
24/12/2001;18:00;21.2;0;0
24/12/2001;19:00;21.4;0;0
24/12/2001;20:00;21.3;0;0
24/12/2001;21:00;20.9;0;0
24/12/2001;22:00;20.7;0;0
24/12/2001;23:00;21;0;31.3
25/12/2001;00:00;22.6;0;222.4
25/12/2001;01:00;23.9;0;400.1
25/12/2001;02:00;25.3;0;641.4
25/12/2001;03:00;26.4;0;791.1
25/12/2001;04:00;27.1;0;870.7
25/12/2001;05:00;27;0;898.5
25/12/2001;06:00;27.1;0.2;798.4
25/12/2001;07:00;26.9;0;717.9
25/12/2001;08:00;26.3;0;439.4
25/12/2001;09:00;25.9;2.1;282.6
25/12/2001;10:00;25;0.8;90.5
25/12/2001;11:00;24;0;0
25/12/2001;12:00;23;0;0
25/12/2001;13:00;22.4;0;0
25/12/2001;14:00;22.3;0;0
25/12/2001;15:00;21.7;0;0
25/12/2001;16:00;21.3;0;0
25/12/2001;17:00;21.1;0;0
25/12/2001;18:00;20.9;0;0
25/12/2001;19:00;20.6;0;0
25/12/2001;20:00;20.2;0;0
25/12/2001;21:00;20.1;0;0
25/12/2001;22:00;20.2;0;0
25/12/2001;23:00;20.1;0;38.1
26/12/2001;00:00;22.5;0;277
26/12/2001;01:00;24.5;0;513.7
26/12/2001;02:00;25.7;0;723.9
26/12/2001;03:00;26.5;0;884.7
26/12/2001;04:00;27.3;0;964
26/12/2001;05:00;27.7;0;923.7
26/12/2001;06:00;27.9;0;890.5
26/12/2001;07:00;27.4;0;644.7
26/12/2001;08:00;27;0;575.6
26/12/2001;09:00;26.3;0;330.6
26/12/2001;10:00;25.5;0;135.9
26/12/2001;11:00;24.4;0;0
26/12/2001;12:00;23.5;0;0
26/12/2001;13:00;22.7;0.5;0
26/12/2001;14:00;22.5;0;0
26/12/2001;15:00;22.2;0;0
26/12/2001;16:00;21.9;0;0
26/12/2001;17:00;21.4;0;0
26/12/2001;18:00;21.3;0;0
26/12/2001;19:00;20.8;0;0
26/12/2001;20:00;20.5;0;0
26/12/2001;21:00;20.1;0;0
26/12/2001;22:00;19.8;0;0
26/12/2001;23:00;20;0;40.5
27/12/2001;00:00;21.9;0;212
27/12/2001;01:00;24.4;0;498.4
27/12/2001;02:00;25.6;0;697.2
27/12/2001;03:00;26.5;0;843.1
27/12/2001;04:00;27;0;916.7
27/12/2001;05:00;26.9;0;806
27/12/2001;06:00;26.9;0;763.1
27/12/2001;07:00;27.5;0;757.5
27/12/2001;08:00;26.7;3;449.6
27/12/2001;09:00;25.7;4.5;256.5
27/12/2001;10:00;24.9;0.1;87.9
27/12/2001;11:00;24;0;0
27/12/2001;12:00;23.2;0;0
27/12/2001;13:00;22.3;0;0
27/12/2001;14:00;22.2;0;0
27/12/2001;15:00;22;0;0
27/12/2001;16:00;21.8;0;0
27/12/2001;17:00;21.7;0;0
27/12/2001;18:00;21.4;0;0
27/12/2001;19:00;21.5;0;0
27/12/2001;20:00;21.2;0;0
27/12/2001;21:00;20.6;0;0
27/12/2001;22:00;20.1;0;0
27/12/2001;23:00;20.1;0;36
28/12/2001;00:00;22.8;0;265.3
28/12/2001;01:00;24.8;0;479.3
28/12/2001;02:00;26.3;0;729.1
28/12/2001;03:00;27.4;0;826.3
28/12/2001;04:00;28.3;0;887
28/12/2001;05:00;28.3;0.1;847.2
28/12/2001;06:00;28.5;0.2;782.6
28/12/2001;07:00;28;0.3;722.4
28/12/2001;08:00;27.2;0.5;570.9
28/12/2001;09:00;26;0;293.2
28/12/2001;10:00;25.1;0.6;127.7
28/12/2001;11:00;23.8;0.4;0
28/12/2001;12:00;23;0.5;0
28/12/2001;13:00;22.8;0.2;0
28/12/2001;14:00;22.4;0;0
28/12/2001;15:00;22.1;0;0
28/12/2001;16:00;21.8;0;0
28/12/2001;17:00;21.5;0;0
28/12/2001;18:00;21.2;0;0
28/12/2001;19:00;21.8;0.2;0
28/12/2001;20:00;21.8;0;0
28/12/2001;21:00;21.7;0.2;0
28/12/2001;22:00;21.4;0.3;0
28/12/2001;23:00;21.4;0.5;27.1
29/12/2001;00:00;22.6;0.2;183.8
29/12/2001;01:00;23.6;0.1;407.8
29/12/2001;02:00;24.9;0.1;561.5
29/12/2001;03:00;25.4;0.3;495.9
29/12/2001;04:00;25.6;1.1;463.3
29/12/2001;05:00;25.9;1.4;743.4
29/12/2001;06:00;25.8;0.3;628
29/12/2001;07:00;27;0.2;648.1
29/12/2001;08:00;25.4;1.6;317.4
29/12/2001;09:00;24.3;1.2;227
29/12/2001;10:00;23.9;0.4;85.8
29/12/2001;11:00;22.9;0;0
29/12/2001;12:00;22.3;0;0
29/12/2001;13:00;22;0.2;0
29/12/2001;14:00;21.9;0.2;0
29/12/2001;15:00;21.4;0.1;0
29/12/2001;16:00;21.3;0;0
29/12/2001;17:00;21.2;0;0
29/12/2001;18:00;21.3;0;0
29/12/2001;19:00;21.5;0;0
29/12/2001;20:00;21.5;0;0
29/12/2001;21:00;21.4;0;0
29/12/2001;22:00;21.3;0;0
29/12/2001;23:00;21.4;0;27.1
30/12/2001;00:00;22.5;0;150.4
30/12/2001;01:00;24;0;369
30/12/2001;02:00;24.9;1.6;377.9
30/12/2001;03:00;24.8;4;375.8
30/12/2001;04:00;24.3;5;507.9
30/12/2001;05:00;24.3;1;537.4
30/12/2001;06:00;23.6;0.4;400.7
30/12/2001;07:00;23.9;3.8;446.2
30/12/2001;08:00;24;2.2;296.4
30/12/2001;09:00;23.8;3.5;245
30/12/2001;10:00;22.5;4.5;67.2
30/12/2001;11:00;22.3;1.2;0
30/12/2001;12:00;22.1;0.4;0
30/12/2001;13:00;22;0.7;0
30/12/2001;14:00;21.9;1.3;0
30/12/2001;15:00;21.7;1.2;0
30/12/2001;16:00;21.8;0.7;0
30/12/2001;17:00;21.6;1.4;0
30/12/2001;18:00;21.5;1.9;0
30/12/2001;19:00;21.4;1.3;0
30/12/2001;20:00;21.3;1;0
30/12/2001;21:00;21.4;1;0
30/12/2001;22:00;21.3;1;0
30/12/2001;23:00;21.3;1.3;9.1
31/12/2001;00:00;21.5;1.7;50.3
31/12/2001;01:00;21.7;1.7;79.5
31/12/2001;02:00;22.1;2.5;110.6
31/12/2001;03:00;22.9;2.8;92.4
31/12/2001;04:00;23.3;2.6;105.5
31/12/2001;05:00;24.6;2.2;284.3
31/12/2001;06:00;23.9;2.2;81.3
31/12/2001;07:00;25.2;0.8;285.1
31/12/2001;08:00;24.7;1.6;146.9
31/12/2001;09:00;24.3;0.5;122.6
31/12/2001;10:00;23.9;0.6;60.9
31/12/2001;11:00;23;0.5;0
31/12/2001;12:00;22.4;0.1;0
31/12/2001;13:00;21.8;0;0
31/12/2001;14:00;21.7;0;0
31/12/2001;15:00;21.7;0.5;0
31/12/2001;16:00;21.4;0;0
31/12/2001;17:00;21.1;0;0
31/12/2001;18:00;20.6;0.1;0
31/12/2001;19:00;20.9;0;0
31/12/2001;20:00;20.8;0;0
31/12/2001;21:00;20.9;0;0
31/12/2001;22:00;20.8;0;0
31/12/2001;23:00;21;0;20.4
01/01/2002;00:00;21.7;0;140.9
01/01/2002;01:00;22.8;0.1;333
01/01/2002;02:00;23.9;0;463
01/01/2002;03:00;24.5;0.1;579.2
01/01/2002;04:00;24.2;0.5;578.6
01/01/2002;05:00;24.6;2.9;619.8
01/01/2002;06:00;24.8;8.8;512.3
01/01/2002;07:00;23.6;2.5;193.9
01/01/2002;08:00;23.7;3.9;198.4
01/01/2002;09:00;23.5;1.9;113
01/01/2002;10:00;23.3;0.5;59.7
01/01/2002;11:00;22.6;0.3;0
01/01/2002;12:00;22.1;0.3;0
01/01/2002;13:00;21.9;0.2;0
01/01/2002;14:00;21.3;0.2;0
01/01/2002;15:00;21.2;0.1;0
01/01/2002;16:00;21;0;0
01/01/2002;17:00;20.8;0;0
01/01/2002;18:00;20.6;0;0
01/01/2002;19:00;20.8;0;0
01/01/2002;20:00;20.7;0;0
01/01/2002;21:00;20.5;0.4;0
01/01/2002;22:00;20.3;0.2;0
01/01/2002;23:00;20.5;0;22.8
02/01/2002;00:00;21.2;0;81.8
02/01/2002;01:00;22.7;0;321.1
02/01/2002;02:00;24.4;0.1;590.9
02/01/2002;03:00;25.5;0.2;650.4
02/01/2002;04:00;25.9;2;638.8
02/01/2002;05:00;26.2;5.2;674.1
02/01/2002;06:00;25.6;5.4;447.6
02/01/2002;07:00;24.8;7;359
02/01/2002;08:00;24.7;5.8;310.1
02/01/2002;09:00;24.2;3.7;132.6
02/01/2002;10:00;23.7;1.1;54
02/01/2002;11:00;23.1;0.6;0
02/01/2002;12:00;22.3;0.1;0
02/01/2002;13:00;22.1;0;0
02/01/2002;14:00;21.8;0;0
02/01/2002;15:00;21.3;0;0
02/01/2002;16:00;20.8;0;0
02/01/2002;17:00;20.3;0;0
02/01/2002;18:00;20.2;0;0
02/01/2002;19:00;21.4;0;0
02/01/2002;20:00;21.2;0;0
02/01/2002;21:00;21.2;0;0
02/01/2002;22:00;21;0;0
02/01/2002;23:00;21.1;0;25.1
03/01/2002;00:00;22.5;0;192.5
03/01/2002;01:00;24.2;0;433.1
03/01/2002;02:00;25.6;0;596.9
03/01/2002;03:00;26.9;0;725.9
03/01/2002;04:00;26.6;0.2;647.2
03/01/2002;05:00;26.9;2.8;822.5
03/01/2002;06:00;26.7;0.6;738.4
03/01/2002;07:00;26.2;3.3;639.9
03/01/2002;08:00;25.3;3;288.9
03/01/2002;09:00;24.8;0.1;206
03/01/2002;10:00;24;0;87.1
03/01/2002;11:00;23.4;0;0
03/01/2002;12:00;22.5;0;0
03/01/2002;13:00;22.1;0;0
03/01/2002;14:00;21.7;0;0
03/01/2002;15:00;21.6;0;0
03/01/2002;16:00;21.4;0.2;0
03/01/2002;17:00;20.9;0;0
03/01/2002;18:00;20.9;0;0
03/01/2002;19:00;20.5;0;0
03/01/2002;20:00;20.1;0;0
03/01/2002;21:00;20;0;0
03/01/2002;22:00;19.8;0;0
03/01/2002;23:00;20;0;25.2
04/01/2002;00:00;21.7;0;194.6
04/01/2002;01:00;24;0;391.7
04/01/2002;02:00;25.5;0;602.8
04/01/2002;03:00;26.7;0.1;686.3
04/01/2002;04:00;27.5;0.3;826.6
04/01/2002;05:00;27.6;0.9;885.8
04/01/2002;06:00;27.8;0.3;857.8
04/01/2002;07:00;26.1;0.6;486.1
04/01/2002;08:00;26.1;0.4;463.8
04/01/2002;09:00;24;0.6;295
04/01/2002;10:00;23.9;0.2;114.4
04/01/2002;11:00;23.2;0;0
04/01/2002;12:00;22.6;0;0
04/01/2002;13:00;22.4;0;0
04/01/2002;14:00;21.9;0.1;0
04/01/2002;15:00;21.7;0.1;0
04/01/2002;16:00;21.3;0;0
04/01/2002;17:00;21.3;0;0
04/01/2002;18:00;20.7;0;0
04/01/2002;19:00;20.5;0;0
04/01/2002;20:00;20.6;0;0
04/01/2002;21:00;20.3;0;0
04/01/2002;22:00;20.3;0;0
04/01/2002;23:00;20.3;0;20.7
05/01/2002;00:00;22.2;0;187.7
05/01/2002;01:00;23.6;0.1;341.7
05/01/2002;02:00;25.1;0;591.8
05/01/2002;03:00;26;0.2;619.8
05/01/2002;04:00;25.5;2.8;407.2
05/01/2002;05:00;26.1;1;593.4
05/01/2002;06:00;24.4;0.3;424.7
05/01/2002;07:00;24.4;0.4;438.7
05/01/2002;08:00;24.4;4;333.5
05/01/2002;09:00;24.2;1.1;230.8
05/01/2002;10:00;23.4;0.9;98.8
05/01/2002;11:00;22.6;0.7;0
05/01/2002;12:00;22;0;0
05/01/2002;13:00;21.6;0;0
05/01/2002;14:00;21.3;0;0
05/01/2002;15:00;20.8;0;0
05/01/2002;16:00;20.5;0;0
05/01/2002;17:00;20;0;0
05/01/2002;18:00;19.9;0;0
05/01/2002;19:00;20;0;0
05/01/2002;20:00;19.8;0;0
05/01/2002;21:00;19.5;0;0
05/01/2002;22:00;19.4;0;0
05/01/2002;23:00;19.5;0;23
06/01/2002;00:00;21.4;0;174.7
06/01/2002;01:00;23.5;0;398.6
06/01/2002;02:00;24.9;0.1;658.9
06/01/2002;03:00;26.4;0.2;758.9
06/01/2002;04:00;26.6;0.2;827.1
06/01/2002;05:00;26.6;0;788
06/01/2002;06:00;26.1;0.4;611
06/01/2002;07:00;25.1;1.7;492
06/01/2002;08:00;25.8;1.1;505.8
06/01/2002;09:00;24.7;2.2;209.7
06/01/2002;10:00;23.6;1;122.3
06/01/2002;11:00;22.5;0.7;0
06/01/2002;12:00;22.2;0;0
06/01/2002;13:00;22;0;0
06/01/2002;14:00;21.2;0.2;0
06/01/2002;15:00;20.7;0.2;0
06/01/2002;16:00;20.8;0.1;0
06/01/2002;17:00;20.4;0;0
06/01/2002;18:00;19.9;0;0
06/01/2002;19:00;19.6;0;0
06/01/2002;20:00;19.4;0;0
06/01/2002;21:00;19.2;0;0
06/01/2002;22:00;19.1;0;0
06/01/2002;23:00;19.4;0;23.1
07/01/2002;00:00;22.2;0;205.5
07/01/2002;01:00;23.6;0;352.2
07/01/2002;02:00;24.8;0;668.3
07/01/2002;03:00;25.5;0.1;719.3
07/01/2002;04:00;25.8;0;819
07/01/2002;05:00;25;3;593.7
07/01/2002;06:00;25.2;1.5;657.7
07/01/2002;07:00;24.7;0.5;523.9
07/01/2002;08:00;25;4.6;388
07/01/2002;09:00;24.4;4.2;156.8
07/01/2002;10:00;23.9;0;69.3
07/01/2002;11:00;23.3;0;0
07/01/2002;12:00;22.6;0;0
07/01/2002;13:00;22.4;0;0
07/01/2002;14:00;21.2;0;0
07/01/2002;15:00;20.3;0;0
07/01/2002;16:00;19.6;0;0
07/01/2002;17:00;19.4;0;0
07/01/2002;18:00;19;0;0
07/01/2002;19:00;18.7;0;0
07/01/2002;20:00;19;0;0
07/01/2002;21:00;18.6;0;0
07/01/2002;22:00;18.3;0;0
07/01/2002;23:00;18.2;0;25.4
08/01/2002;00:00;20.8;0;239.4
08/01/2002;01:00;23.5;0;446.2
08/01/2002;02:00;25.3;0;741.1
08/01/2002;03:00;26.6;0;922
08/01/2002;04:00;27.6;0;1012.1
08/01/2002;05:00;27.9;0;970.9
08/01/2002;06:00;28.2;0;946.9
08/01/2002;07:00;28.1;0.2;783.7
08/01/2002;08:00;27.4;0.1;619
08/01/2002;09:00;26.3;0.3;349.7
08/01/2002;10:00;25.4;0.2;150.2
08/01/2002;11:00;24.4;0;0
08/01/2002;12:00;23.5;0;0
08/01/2002;13:00;23.3;0;0
08/01/2002;14:00;22.8;0;0
08/01/2002;15:00;22.3;0;0
08/01/2002;16:00;21.8;0;0
08/01/2002;17:00;21.3;0;0
08/01/2002;18:00;20.4;0;0
08/01/2002;19:00;20.3;0;0
08/01/2002;20:00;20;0;0
08/01/2002;21:00;19.8;0;0
08/01/2002;22:00;19.3;0;0
08/01/2002;23:00;19.4;0;23.2
09/01/2002;00:00;22.1;0;190
09/01/2002;01:00;24;0;386.2
09/01/2002;02:00;25.5;0.1;581.6
09/01/2002;03:00;26.1;0.1;585.1
09/01/2002;04:00;27.5;0;756.1
09/01/2002;05:00;26.7;0.2;824.7
09/01/2002;06:00;26.1;0.4;686.1
09/01/2002;07:00;25.3;3.4;615.7
09/01/2002;08:00;25;1.9;289.6
09/01/2002;09:00;24.8;0.2;233.9
09/01/2002;10:00;24.1;0;116.4
09/01/2002;11:00;23.2;0.1;0
09/01/2002;12:00;22.7;0;0
09/01/2002;13:00;22;0;0
09/01/2002;14:00;21.3;0;0
09/01/2002;15:00;20.9;0;0
09/01/2002;16:00;20.6;0;0
09/01/2002;17:00;20.9;0;0
09/01/2002;18:00;20.7;0;0
09/01/2002;19:00;20.7;0.5;0
09/01/2002;20:00;20.3;0.3;0
09/01/2002;21:00;20.7;0;0
09/01/2002;22:00;20.7;0;0
09/01/2002;23:00;20.8;0;23.3
10/01/2002;00:00;22.1;0;202.7
10/01/2002;01:00;23.3;0;354.4
10/01/2002;02:00;25;0.1;672.7
10/01/2002;03:00;26.2;0.1;760.9
10/01/2002;04:00;26.9;0.8;711.7
10/01/2002;05:00;26.7;0.4;631.2
10/01/2002;06:00;26.7;0.9;676.5
10/01/2002;07:00;27.7;0.4;691.6
10/01/2002;08:00;24.3;5;327.9
10/01/2002;09:00;23.9;1.8;193.1
10/01/2002;10:00;23.8;0.2;115.2
10/01/2002;11:00;23.3;0.2;0
10/01/2002;12:00;23;0.2;0
10/01/2002;13:00;22.4;0;0
10/01/2002;14:00;21.8;0;0
10/01/2002;15:00;21.2;0;0
10/01/2002;16:00;20.9;0;0
10/01/2002;17:00;20.9;0;0
10/01/2002;18:00;20.8;0;0
10/01/2002;19:00;21.3;0;0
10/01/2002;20:00;21.3;0;0
10/01/2002;21:00;20.8;0;0
10/01/2002;22:00;20.5;0;0
10/01/2002;23:00;20.6;0;18.7
11/01/2002;00:00;22.3;0;200.3
11/01/2002;01:00;24.4;0;393
11/01/2002;02:00;25.9;0;716.1
11/01/2002;03:00;27.2;0;876.5
11/01/2002;04:00;28;0;994.1
11/01/2002;05:00;28.2;0.1;937.4
11/01/2002;06:00;28;0;878.6
11/01/2002;07:00;27.9;0;750.6
11/01/2002;08:00;27.4;0.2;593.9
11/01/2002;09:00;26.7;0.3;385.6
11/01/2002;10:00;25.5;0.2;122.1
11/01/2002;11:00;24.5;0;0
11/01/2002;12:00;23.7;0;0
11/01/2002;13:00;22.9;0;0
11/01/2002;14:00;22.6;0;0
11/01/2002;15:00;22.1;0;0
11/01/2002;16:00;21.7;0.2;0
11/01/2002;17:00;21.5;0;0
11/01/2002;18:00;21.2;0;0
11/01/2002;19:00;21.3;0;0
11/01/2002;20:00;21.1;0;0
11/01/2002;21:00;21;0;0
11/01/2002;22:00;20.7;0;0
11/01/2002;23:00;20.9;0;23.4
12/01/2002;00:00;22.7;0;227
12/01/2002;01:00;24.2;0;501
12/01/2002;02:00;25.5;0;666.5
12/01/2002;03:00;26.8;0;844.5
12/01/2002;04:00;27.7;0;902
12/01/2002;05:00;28;0;889.4
12/01/2002;06:00;28.1;0;916.7
12/01/2002;07:00;27.7;0.1;614.3
12/01/2002;08:00;25.9;1.3;352.2
12/01/2002;09:00;24.8;0.7;300.6
12/01/2002;10:00;24.6;0;127.7
12/01/2002;11:00;24.1;0;0
12/01/2002;12:00;23.2;0;0
12/01/2002;13:00;22.5;0;0
12/01/2002;14:00;22.3;0;0
12/01/2002;15:00;22.4;0;0
12/01/2002;16:00;22.5;0;0
12/01/2002;17:00;22.3;0;0
12/01/2002;18:00;22.2;0;0
12/01/2002;19:00;21.9;0;0
12/01/2002;20:00;21.4;0;0
12/01/2002;21:00;20.7;0;0
12/01/2002;22:00;20.7;0;0
12/01/2002;23:00;20.8;0;18.8
13/01/2002;00:00;21.9;0;169.3
13/01/2002;01:00;24.1;0;372.7
13/01/2002;02:00;25.7;0.1;621.4
13/01/2002;03:00;27.2;0.2;830.7
13/01/2002;04:00;27.7;0.2;777.6
13/01/2002;05:00;28.3;0.2;911.7
13/01/2002;06:00;28.5;0;818.8
13/01/2002;07:00;27.6;0.3;707
13/01/2002;08:00;27;0.3;570.2
13/01/2002;09:00;25.6;0.5;293.4
13/01/2002;10:00;25.1;0;129.3
13/01/2002;11:00;24.6;0;0
13/01/2002;12:00;23.6;0;0
13/01/2002;13:00;23.3;0;0
13/01/2002;14:00;22.9;0;0
13/01/2002;15:00;22.7;0.2;0
13/01/2002;16:00;22.1;0;0
13/01/2002;17:00;22.5;0;0
13/01/2002;18:00;22.1;0;0
13/01/2002;19:00;22.5;0;0
13/01/2002;20:00;22.3;0;0
13/01/2002;21:00;21.8;0;0
13/01/2002;22:00;21.3;0;0
13/01/2002;23:00;21.3;0;18.8
14/01/2002;00:00;23;0;160.5
14/01/2002;01:00;24.5;0.2;411.5
14/01/2002;02:00;26;0.1;541
14/01/2002;03:00;26.6;1.5;606.5
14/01/2002;04:00;26.1;2.2;486
14/01/2002;05:00;26.7;0.2;750.2
14/01/2002;06:00;26.3;0.3;692.6
14/01/2002;07:00;25.9;1.9;464.9
14/01/2002;08:00;25.9;0.3;520.6
14/01/2002;09:00;24.8;1.5;291.1
14/01/2002;10:00;23.5;1.6;134.9
14/01/2002;11:00;23;0;0
14/01/2002;12:00;22.6;0;0
14/01/2002;13:00;22.3;0.5;0
14/01/2002;14:00;22.1;0;0
14/01/2002;15:00;21.9;0;0
14/01/2002;16:00;21.5;0;0
14/01/2002;17:00;21;0;0
14/01/2002;18:00;21;0;0
14/01/2002;19:00;21.4;0;0
14/01/2002;20:00;21.5;0;0
14/01/2002;21:00;21.3;0;0
14/01/2002;22:00;21.3;0;0
14/01/2002;23:00;21.6;0;11.8
15/01/2002;00:00;22.4;0;125.4
15/01/2002;01:00;24.6;0;361
15/01/2002;02:00;25.9;0;509.4
15/01/2002;03:00;27.1;0;673.6
15/01/2002;04:00;28.3;0.1;864.2
15/01/2002;05:00;26.2;0.8;647.9
15/01/2002;06:00;27;1.1;814.2
15/01/2002;07:00;26.9;0.1;506.2
15/01/2002;08:00;25.8;1.8;431.7
15/01/2002;09:00;24.7;0.1;209.2
15/01/2002;10:00;24.1;0.1;131.7
15/01/2002;11:00;23.2;0.2;0
15/01/2002;12:00;22.9;0;0
15/01/2002;13:00;22.7;0;0
15/01/2002;14:00;22.7;0;0
15/01/2002;15:00;22.1;0;0
15/01/2002;16:00;21.7;0;0
15/01/2002;17:00;21;0;0
15/01/2002;18:00;20.8;0;0
15/01/2002;19:00;21;0;0
15/01/2002;20:00;20.7;0;0
15/01/2002;21:00;20.5;0;0
15/01/2002;22:00;20.2;0;0
15/01/2002;23:00;20.6;0;19
16/01/2002;00:00;23;0;184.9
16/01/2002;01:00;24.1;0;454.5
16/01/2002;02:00;25.1;0;622.2
16/01/2002;03:00;26.4;0.2;786.1
16/01/2002;04:00;27.5;0;860.2
16/01/2002;05:00;27.4;0.6;902.2
16/01/2002;06:00;26.1;5.4;480.1
16/01/2002;07:00;24.8;4.3;351.9
16/01/2002;08:00;24.8;0.3;326.8
16/01/2002;09:00;24.5;4.1;221.6
16/01/2002;10:00;23.4;4.3;71.7
16/01/2002;11:00;22.7;1.5;0.1
16/01/2002;12:00;22.6;1.2;0
16/01/2002;13:00;22.3;0;0
16/01/2002;14:00;21.9;0;0
16/01/2002;15:00;21.7;0;0
16/01/2002;16:00;21.6;0;0
16/01/2002;17:00;21.6;0;0
16/01/2002;18:00;21.5;0;0
16/01/2002;19:00;21.3;0;0
16/01/2002;20:00;21.2;0;0
16/01/2002;21:00;21.2;0;0
16/01/2002;22:00;21;0;0
16/01/2002;23:00;21.2;0;11.9
17/01/2002;00:00;22.5;0;143.4
17/01/2002;01:00;24;0;283.4
17/01/2002;02:00;25.7;0;523.5
17/01/2002;03:00;26.7;0.2;679.4
17/01/2002;04:00;27.4;0.2;725.3
17/01/2002;05:00;24.6;3.6;478.3
17/01/2002;06:00;24.9;2.4;451
17/01/2002;07:00;24.2;0.8;343.5
17/01/2002;08:00;24.7;0.3;386.5
17/01/2002;09:00;23.8;1.4;187.2
17/01/2002;10:00;23.5;2.1;81.3
17/01/2002;11:00;22.7;1.2;0.3
17/01/2002;12:00;22.5;0;0
17/01/2002;13:00;22.3;0;0
17/01/2002;14:00;22.2;0;0
17/01/2002;15:00;22.2;0;0
17/01/2002;16:00;22.1;0.1;0
17/01/2002;17:00;21.8;0;0
17/01/2002;18:00;21.7;0;0
17/01/2002;19:00;21.4;0;0
17/01/2002;20:00;21.1;0;0
17/01/2002;21:00;20.9;0;0
17/01/2002;22:00;20.9;0;0
17/01/2002;23:00;20.9;0;11.9
18/01/2002;00:00;22.9;0.2;120.4
18/01/2002;01:00;24.2;0.2;265
18/01/2002;02:00;25.5;2.6;416.7
18/01/2002;03:00;26.3;1.9;450.5
18/01/2002;04:00;25.1;3.4;235.9
18/01/2002;05:00;25.1;0.9;222.1
18/01/2002;06:00;26.1;1.2;402.5
18/01/2002;07:00;24;2.2;111.4
18/01/2002;08:00;23.9;1.9;83.7
18/01/2002;09:00;23.9;1.6;72.3
18/01/2002;10:00;23.6;2;42.7
18/01/2002;11:00;23.3;0.7;0.3
18/01/2002;12:00;22.9;0.6;0
18/01/2002;13:00;22.5;0.7;0
18/01/2002;14:00;22;0.2;0
18/01/2002;15:00;21.9;0;0
18/01/2002;16:00;21.9;0.3;0
18/01/2002;17:00;21.9;0.4;0
18/01/2002;18:00;22;0.2;0
18/01/2002;19:00;21.9;0.3;0
18/01/2002;20:00;21.9;0.5;0
18/01/2002;21:00;21.9;0.4;0
18/01/2002;22:00;21.6;0;0
18/01/2002;23:00;21.7;0;7.2
19/01/2002;00:00;22.5;0;80
19/01/2002;01:00;23;0;176.8
19/01/2002;02:00;23.8;0;224.4
19/01/2002;03:00;24.9;0.1;390.1
19/01/2002;04:00;25.9;0.2;478.2
19/01/2002;05:00;25.9;1.5;392
19/01/2002;06:00;25.6;0.9;563
19/01/2002;07:00;26.2;0.5;486
19/01/2002;08:00;24.8;2.7;358.2
19/01/2002;09:00;23.9;4;219.4
19/01/2002;10:00;23.4;0.4;71.3
19/01/2002;11:00;23.1;0;0.6
19/01/2002;12:00;22.9;0.1;0
19/01/2002;13:00;22.6;0;0
19/01/2002;14:00;22;0;0
19/01/2002;15:00;21.6;0;0
19/01/2002;16:00;21.5;0;0
19/01/2002;17:00;21.1;0;0
19/01/2002;18:00;20.9;0.1;0
19/01/2002;19:00;21.1;0;0
19/01/2002;20:00;20.9;0;0
19/01/2002;21:00;20.9;0;0
19/01/2002;22:00;20.8;0;0
19/01/2002;23:00;20.6;0;14.4
20/01/2002;00:00;23;0;179.4
20/01/2002;01:00;23.5;0.2;296.6
20/01/2002;02:00;24.9;0.2;484.3
20/01/2002;03:00;26.6;0.2;676.7
20/01/2002;04:00;27.3;3.2;609.3
20/01/2002;05:00;26.5;0.8;619.3
20/01/2002;06:00;27.9;0;708.9
20/01/2002;07:00;27.1;0;686.5
20/01/2002;08:00;26.4;1.7;538.3
20/01/2002;09:00;24;2.9;235.1
20/01/2002;10:00;23.6;0.7;51
20/01/2002;11:00;23.1;0.3;0.9
20/01/2002;12:00;22.8;0.4;0
20/01/2002;13:00;22.5;0.6;0
20/01/2002;14:00;22.5;0.2;0
20/01/2002;15:00;22.2;0;0
20/01/2002;16:00;21.8;0;0
20/01/2002;17:00;21.5;0;0
20/01/2002;18:00;21.4;0;0
20/01/2002;19:00;21.5;0.1;0
20/01/2002;20:00;21.3;0;0
20/01/2002;21:00;21.3;0;0
20/01/2002;22:00;21.3;0;0
20/01/2002;23:00;21.5;0;9.7
21/01/2002;00:00;22.5;0;127.9
21/01/2002;01:00;24.4;0;351.8
21/01/2002;02:00;25.7;0.2;552.9
21/01/2002;03:00;27.5;0.2;703.9
21/01/2002;04:00;26.4;0.2;701
21/01/2002;05:00;26.2;2.6;778.3
21/01/2002;06:00;25.4;3.1;512.6
21/01/2002;07:00;25;0;331.6
21/01/2002;08:00;25.7;0.4;358.3
21/01/2002;09:00;23.8;3.5;207.3
21/01/2002;10:00;23.1;3;61.2
21/01/2002;11:00;22.6;0.6;0.5
21/01/2002;12:00;22.5;0.3;0
21/01/2002;13:00;22.2;0.2;0
21/01/2002;14:00;21.8;0.1;0
21/01/2002;15:00;21.7;0.1;0
21/01/2002;16:00;21.5;0.1;0
21/01/2002;17:00;21.4;0.1;0
21/01/2002;18:00;21.3;0;0
21/01/2002;19:00;21.1;0;0
21/01/2002;20:00;20.9;0;0
21/01/2002;21:00;20.9;0;0
21/01/2002;22:00;20.9;0;0
21/01/2002;23:00;21;0;12.1
22/01/2002;00:00;21.8;0;137.8
22/01/2002;01:00;23.5;0;333.3
22/01/2002;02:00;25.2;0.5;525.8
22/01/2002;03:00;26.6;1.7;448.9
22/01/2002;04:00;27.1;4.2;394.2
22/01/2002;05:00;25.6;2.3;292.7
22/01/2002;06:00;25;1.1;322
22/01/2002;07:00;24.5;2.6;283.9
22/01/2002;08:00;23.9;0.3;146.2
22/01/2002;09:00;23.7;0.2;97.9
22/01/2002;10:00;23.4;0;64.7
22/01/2002;11:00;23.1;0.1;1.2
22/01/2002;12:00;22.7;0.2;0
22/01/2002;13:00;22.3;0.4;0
22/01/2002;14:00;22.1;0.3;0
22/01/2002;15:00;21.7;0.2;0
22/01/2002;16:00;21.6;0.4;0
22/01/2002;17:00;21.6;0.6;0
22/01/2002;18:00;21.5;0.3;0
22/01/2002;19:00;21.4;0;0
22/01/2002;20:00;21.2;0;0
22/01/2002;21:00;21.1;0;0
22/01/2002;22:00;21;0;0
22/01/2002;23:00;21;0;9.7
23/01/2002;00:00;22.1;0;111.2
23/01/2002;01:00;23;0;247.4
23/01/2002;02:00;24.4;0.1;494
23/01/2002;03:00;25.9;0.1;689.2
23/01/2002;04:00;26.5;0.1;664.8
23/01/2002;05:00;26.9;0.5;653.8
23/01/2002;06:00;25.2;1;540
23/01/2002;07:00;25.3;4.6;553.8
23/01/2002;08:00;24.3;3.6;239.9
23/01/2002;09:00;24.3;0.4;199.2
23/01/2002;10:00;24.1;0.4;92.7
23/01/2002;11:00;23.2;0.6;1.7
23/01/2002;12:00;22.2;0.9;0
23/01/2002;13:00;21.9;1.4;0
23/01/2002;14:00;21.9;1;0
23/01/2002;15:00;21.5;0.8;0
23/01/2002;16:00;21.5;0.4;0
23/01/2002;17:00;21.5;0;0
23/01/2002;18:00;21.5;0;0
23/01/2002;19:00;21.3;1.2;0
23/01/2002;20:00;21.1;1.4;0
23/01/2002;21:00;21.1;1.1;0
23/01/2002;22:00;21.1;0.8;0
23/01/2002;23:00;20.9;0.4;9.8
24/01/2002;00:00;21.5;0.7;76.5
24/01/2002;01:00;23;0.2;185.1
24/01/2002;02:00;23.7;0.2;256.8
24/01/2002;03:00;25.2;0.2;462.1
24/01/2002;04:00;25.1;1.1;294.5
24/01/2002;05:00;25.5;0.5;552.3
24/01/2002;06:00;25.7;1.2;547.8
24/01/2002;07:00;25.1;4.5;559.5
24/01/2002;08:00;24.6;1.7;370.1
24/01/2002;09:00;23.1;2.9;138.3
24/01/2002;10:00;22.6;1.4;60.7
24/01/2002;11:00;22.2;1.4;0.7
24/01/2002;12:00;22;1;0
24/01/2002;13:00;21.8;1.1;0
24/01/2002;14:00;21.8;1.1;0
24/01/2002;15:00;21.5;1.5;0
24/01/2002;16:00;21.5;2;0
24/01/2002;17:00;21.4;1.9;0
24/01/2002;18:00;21.4;2.7;0
24/01/2002;19:00;21.3;1;0
24/01/2002;20:00;21.3;0.7;0
24/01/2002;21:00;21.2;1.1;0
24/01/2002;22:00;21;1;0
24/01/2002;23:00;21;0.8;2.5
25/01/2002;00:00;22.3;0.8;60.7
25/01/2002;01:00;22.9;0.9;91.4
25/01/2002;02:00;23.9;0.9;199.8
25/01/2002;03:00;24.7;1.2;263
25/01/2002;04:00;25.1;1;291.4
25/01/2002;05:00;25.7;2.6;352.2
25/01/2002;06:00;24.7;2;245.2
25/01/2002;07:00;24.2;2.1;173.4
25/01/2002;08:00;24.2;1.3;173.9
25/01/2002;09:00;24.4;0.8;186.1
25/01/2002;10:00;23.5;0.5;71
25/01/2002;11:00;22.8;0.4;2.1
25/01/2002;12:00;21.9;0.7;0
25/01/2002;13:00;21.4;0.1;0
25/01/2002;14:00;21.5;0.1;0
25/01/2002;15:00;21.6;0;0
25/01/2002;16:00;21.7;0;0
25/01/2002;17:00;21.8;0;0
25/01/2002;18:00;21.7;0;0
25/01/2002;19:00;21.8;0;0
25/01/2002;20:00;21.7;0.2;0
25/01/2002;21:00;21.7;0.3;0
25/01/2002;22:00;21.5;0.7;0
25/01/2002;23:00;21.6;0.4;4.9
26/01/2002;00:00;22.8;0.3;101
26/01/2002;01:00;24.3;0.4;245.5
26/01/2002;02:00;25.8;0.2;390.7
26/01/2002;03:00;26.7;0.2;535.9
26/01/2002;04:00;26.6;1.8;372.7
26/01/2002;05:00;25.3;1.3;310.9
26/01/2002;06:00;25.4;0.7;316.3
26/01/2002;07:00;25.7;1.3;378.7
26/01/2002;08:00;26.1;0.4;295.3
26/01/2002;09:00;25;0.8;134.2
26/01/2002;10:00;24.5;0.3;92.1
26/01/2002;11:00;23.7;0.5;1.2
26/01/2002;12:00;22.9;0.6;0
26/01/2002;13:00;22.6;0.4;0
26/01/2002;14:00;22.4;0.6;0
26/01/2002;15:00;22.4;0.3;0
26/01/2002;16:00;22.4;0.2;0
26/01/2002;17:00;22.4;0.4;0
26/01/2002;18:00;22.3;0.3;0
26/01/2002;19:00;22.1;0.3;0
26/01/2002;20:00;22;0.4;0
26/01/2002;21:00;21.9;0.3;0
26/01/2002;22:00;21.7;0.4;0
26/01/2002;23:00;21.8;0.3;9.9
27/01/2002;00:00;22.9;0.4;144.7
27/01/2002;01:00;24.6;0.4;368.5
27/01/2002;02:00;25.9;0.4;461.7
27/01/2002;03:00;26.3;0.2;481.9
27/01/2002;04:00;27.9;0.4;794.3
27/01/2002;05:00;27;2.5;608.9
27/01/2002;06:00;26.6;1.1;654.1
27/01/2002;07:00;25.9;2.2;616.8
27/01/2002;08:00;24.9;0.8;191.8
27/01/2002;09:00;24.6;0.2;161.4
27/01/2002;10:00;24.1;0.8;83.3
27/01/2002;11:00;23.4;0.8;1.6
27/01/2002;12:00;22.9;0.3;0
27/01/2002;13:00;22.9;0.3;0
27/01/2002;14:00;22.8;0.3;0
27/01/2002;15:00;22.6;0.3;0
27/01/2002;16:00;22.4;0.2;0
27/01/2002;17:00;22.2;0;0
27/01/2002;18:00;22;0;0
27/01/2002;19:00;21.8;0;0
27/01/2002;20:00;21.9;0;0
27/01/2002;21:00;21.6;0;0
27/01/2002;22:00;21.5;0;0
27/01/2002;23:00;21.6;0;7.5
28/01/2002;00:00;23;0;129
28/01/2002;01:00;24.3;0;318.6
28/01/2002;02:00;26.1;0.1;592.1
28/01/2002;03:00;27;0.2;717
28/01/2002;04:00;27.9;5.3;786.1
28/01/2002;05:00;26.6;5.5;575.7
28/01/2002;06:00;25.5;1.9;395.2
28/01/2002;07:00;25.7;0.7;351.6
28/01/2002;08:00;25.9;0.3;377.5
28/01/2002;09:00;25.5;0.1;216.7
28/01/2002;10:00;24;1.5;92.2
28/01/2002;11:00;23.4;0.3;1
28/01/2002;12:00;22.9;0.2;0
28/01/2002;13:00;22.5;0.3;0
28/01/2002;14:00;22.1;0.3;0
28/01/2002;15:00;22;0.1;0
28/01/2002;16:00;21.9;0;0
28/01/2002;17:00;21.9;0;0
28/01/2002;18:00;21.8;0;0
28/01/2002;19:00;22.1;0;0
28/01/2002;20:00;21.9;0;0
28/01/2002;21:00;21.8;0.2;0
28/01/2002;22:00;21.6;0.3;0
28/01/2002;23:00;21.5;0.3;5
29/01/2002;00:00;22.5;0.2;77.6
29/01/2002;01:00;23.7;0.2;148.1
29/01/2002;02:00;24;0.2;237.8
29/01/2002;03:00;23.8;2.2;151.7
29/01/2002;04:00;24.3;1.6;229.1
29/01/2002;05:00;24.4;1.9;197.3
29/01/2002;06:00;24.6;0.7;176.2
29/01/2002;07:00;24.7;1;201.6
29/01/2002;08:00;25;1.1;205.3
29/01/2002;09:00;24.3;0.8;82.4
29/01/2002;10:00;24;0.3;28.7
29/01/2002;11:00;23.8;0.6;1.3
29/01/2002;12:00;23.1;0.2;0
29/01/2002;13:00;22.7;0.4;0
29/01/2002;14:00;22.5;0.4;0
29/01/2002;15:00;21.9;0.4;0
29/01/2002;16:00;21.7;0.3;0
29/01/2002;17:00;21.7;0.2;0
29/01/2002;18:00;21.7;0.2;0
29/01/2002;19:00;21.6;0.1;0
29/01/2002;20:00;21.7;0.1;0
29/01/2002;21:00;21.7;0;0
29/01/2002;22:00;21.7;0.1;0
29/01/2002;23:00;21.6;0;2.5
